MYOB Name,Intermediary.Declaration.SignatoryIdentifier.Text,Intermediary.Declaration.Signature.Date,Intermediary.Declaration.StatementAccepted.Indicator,Intermediary.Declaration.StatementType.Code,Intermediary.ElectronicContact.Telephone.Area.Code,Intermediary.ElectronicContact.Telephone.Minimal.Number,Intermediary.ElectronicContact.Telephone.ServiceLine.Code,Intermediary.ElectronicContact.Telephone.Usage.Code,Intermediary.Identifiers.TaxAgentClientReference.Text,Intermediary.Identifiers.TaxAgentNumber.Identifier,Intermediary.PersonUnstructuredName.FullName.Text,Intermediary.PersonUnstructuredName.Usage.Code,ReportingParty.AddressDetails.OverseasAddress.Indicator,ReportingParty.AirlineTransport.Remuneration.FringeBenefits.BenefitGrossTaxable.Amount,ReportingParty.AirlineTransport.Remuneration.FringeBenefits.BenefitNetTaxable.Amount,ReportingParty.AirlineTransport.Remuneration.FringeBenefits.EmployeeContribution.Amount,ReportingParty.AirlineTransport.Remuneration.FringeBenefits.Reduction.Amount,ReportingParty.AirlineTransport.Remuneration.FringeBenefits.Type.Code,ReportingParty.Board.Remuneration.FringeBenefits.BenefitGrossTaxable.Amount,ReportingParty.Board.Remuneration.FringeBenefits.BenefitNetTaxable.Amount,ReportingParty.Board.Remuneration.FringeBenefits.EmployeeContribution.Amount,ReportingParty.Board.Remuneration.FringeBenefits.Reduction.Amount,ReportingParty.Board.Remuneration.FringeBenefits.Type.Code,ReportingParty.BusinessTradingAddress.AddressDetails.Country.Code,ReportingParty.BusinessTradingAddress.AddressDetails.CountryName.Text,ReportingParty.BusinessTradingAddress.AddressDetails.Currency.Code,ReportingParty.BusinessTradingAddress.AddressDetails.Line1.Text,ReportingParty.BusinessTradingAddress.AddressDetails.Line2.Text,ReportingParty.BusinessTradingAddress.AddressDetails.Line3.Text,ReportingParty.BusinessTradingAddress.AddressDetails.Line4.Text,ReportingParty.BusinessTradingAddress.AddressDetails.LocalityName.Text,ReportingParty.BusinessTradingAddress.AddressDetails.OverseasAddress.Indicator,ReportingParty.BusinessTradingAddress.AddressDetails.Postcode.Text,ReportingParty.BusinessTradingAddress.AddressDetails.StateOrTerritory.Code,ReportingParty.BusinessTradingAddress.AddressDetails.Usage.Code,ReportingParty.BusinessTradingName.OrganisationNameDetails.Currency.Code,ReportingParty.BusinessTradingName.OrganisationNameDetails.OrganisationalName.Text,ReportingParty.BusinessTradingName.OrganisationNameDetails.OrganisationalNameType.Code,ReportingParty.CarParking.Remuneration.FringeBenefits.BenefitGrossTaxable.Amount,ReportingParty.CarParking.Remuneration.FringeBenefits.BenefitNetTaxable.Amount,ReportingParty.CarParking.Remuneration.FringeBenefits.EmployeeContribution.Amount,ReportingParty.CarParking.Remuneration.FringeBenefits.Type.Code,ReportingParty.CarsOperatingCost.Remuneration.FringeBenefits.BenefitGrossTaxable.Amount,ReportingParty.CarsOperatingCost.Remuneration.FringeBenefits.BenefitNetTaxable.Amount,ReportingParty.CarsOperatingCost.Remuneration.FringeBenefits.EmployeeContribution.Amount,ReportingParty.CarsOperatingCost.Remuneration.FringeBenefits.ItemsProvided.Number,ReportingParty.CarsOperatingCost.Remuneration.FringeBenefits.Type.Code,ReportingParty.CarsStatutoryFormula.Remuneration.FringeBenefits.BenefitGrossTaxable.Amount,ReportingParty.CarsStatutoryFormula.Remuneration.FringeBenefits.BenefitNetTaxable.Amount,ReportingParty.CarsStatutoryFormula.Remuneration.FringeBenefits.EmployeeContribution.Amount,ReportingParty.CarsStatutoryFormula.Remuneration.FringeBenefits.ItemsProvided.Number,ReportingParty.CarsStatutoryFormula.Remuneration.FringeBenefits.Type.Code,ReportingParty.Contact.Currency.Code,ReportingParty.Contact.FamilyName.Text,ReportingParty.Contact.GivenName.Text,ReportingParty.Contact.NameSuffix.Text,ReportingParty.Contact.PersonNameType.Code,ReportingParty.Contact.Title.Text,ReportingParty.Contact.Usage.Code,ReportingParty.DebtWaiver.Remuneration.FringeBenefits.BenefitGrossTaxable.Amount,ReportingParty.DebtWaiver.Remuneration.FringeBenefits.BenefitNetTaxable.Amount,ReportingParty.DebtWaiver.Remuneration.FringeBenefits.Type.Code,ReportingParty.Declaration.SignatoryIdentifier.Text,ReportingParty.Declaration.Signature.Date,ReportingParty.Declaration.StatementAccepted.Indicator,ReportingParty.Declaration.StatementType.Code,ReportingParty.ElectronicContact.ElectronicMail.Address.Text,ReportingParty.ElectronicContact.ElectronicMail.Usage.Code,ReportingParty.ElectronicContact.Telephone.Area.Code,ReportingParty.ElectronicContact.Telephone.Minimal.Number,ReportingParty.ElectronicContact.Telephone.ServiceLine.Code,ReportingParty.ElectronicContact.Telephone.Usage.Code,ReportingParty.EmployeeReceiving.Remuneration.FringeBenefits.BenefitGrossTaxable.Amount,ReportingParty.EmployeeReceiving.Remuneration.FringeBenefits.BenefitNetTaxable.Amount,ReportingParty.EmployeeReceiving.Remuneration.FringeBenefits.ItemsProvided.Number,ReportingParty.EmployeeReceiving.Remuneration.FringeBenefits.Reduction.Amount,ReportingParty.EmployeeReceiving.Remuneration.FringeBenefits.Type.Code,ReportingParty.Employer.OrganisationNameDetails.Currency.Code,ReportingParty.Employer.OrganisationNameDetails.OrganisationalName.Text,ReportingParty.Employer.OrganisationNameDetails.OrganisationalNameType.Code,ReportingParty.Employer.PersonNameDetails.Currency.Code,ReportingParty.Employer.PersonNameDetails.FamilyName.Text,ReportingParty.Employer.PersonNameDetails.GivenName.Text,ReportingParty.Employer.PersonNameDetails.NameSuffix.Text,ReportingParty.Employer.PersonNameDetails.OtherGivenName.Text,ReportingParty.Employer.PersonNameDetails.PersonNameType.Code,ReportingParty.Employer.PersonNameDetails.Title.Text,ReportingParty.Employer.PersonNameDetails.Usage.Code,ReportingParty.Employer.Postal.AddressDetails.Country.Code,ReportingParty.Employer.Postal.AddressDetails.CountryName.Text,ReportingParty.Employer.Postal.AddressDetails.Currency.Code,ReportingParty.Employer.Postal.AddressDetails.Line1.Text,ReportingParty.Employer.Postal.AddressDetails.Line2.Text,ReportingParty.Employer.Postal.AddressDetails.Line3.Text,ReportingParty.Employer.Postal.AddressDetails.Line4.Text,ReportingParty.Employer.Postal.AddressDetails.LocalityName.Text,ReportingParty.Employer.Postal.AddressDetails.Postcode.Text,ReportingParty.Employer.Postal.AddressDetails.StateOrTerritory.Code,ReportingParty.Employer.Postal.AddressDetails.Usage.Code,ReportingParty.Employer.Previous.AddressDetails.OverseasAddress.Indicator,ReportingParty.Employer.Previous.OrganisationNameDetails.Currency.Code,ReportingParty.Employer.Previous.OrganisationNameDetails.OrganisationalName.Text,ReportingParty.Employer.Previous.OrganisationNameDetails.OrganisationalNameType.Code,ReportingParty.Employer.Previous.PersonNameDetails.Currency.Code,ReportingParty.Employer.Previous.PersonNameDetails.FamilyName.Text,ReportingParty.Employer.Previous.PersonNameDetails.GivenName.Text,ReportingParty.Employer.Previous.PersonNameDetails.NameSuffix.Text,ReportingParty.Employer.Previous.PersonNameDetails.OtherGivenName.Text,ReportingParty.Employer.Previous.PersonNameDetails.PersonNameType.Code,ReportingParty.Employer.Previous.PersonNameDetails.Title.Text,ReportingParty.Employer.Previous.PersonNameDetails.Usage.Code,ReportingParty.Employer.Previous.Postal.AddressDetails.Country.Code,ReportingParty.Employer.Previous.Postal.AddressDetails.CountryName.Text,ReportingParty.Employer.Previous.Postal.AddressDetails.Currency.Code,ReportingParty.Employer.Previous.Postal.AddressDetails.Line1.Text,ReportingParty.Employer.Previous.Postal.AddressDetails.Line2.Text,ReportingParty.Employer.Previous.Postal.AddressDetails.Line3.Text,ReportingParty.Employer.Previous.Postal.AddressDetails.Line4.Text,ReportingParty.Employer.Previous.Postal.AddressDetails.LocalityName.Text,ReportingParty.Employer.Previous.Postal.AddressDetails.Postcode.Text,ReportingParty.Employer.Previous.Postal.AddressDetails.StateOrTerritory.Code,ReportingParty.Employer.Previous.Postal.AddressDetails.Usage.Code,ReportingParty.ExpensePayment.Remuneration.FringeBenefits.BenefitGrossTaxable.Amount,ReportingParty.ExpensePayment.Remuneration.FringeBenefits.BenefitNetTaxable.Amount,ReportingParty.ExpensePayment.Remuneration.FringeBenefits.EmployeeContribution.Amount,ReportingParty.ExpensePayment.Remuneration.FringeBenefits.Reduction.Amount,ReportingParty.ExpensePayment.Remuneration.FringeBenefits.Type.Code,ReportingParty.FinancialInstitutionAccount.BankStateBranch.Number,ReportingParty.FinancialInstitutionAccount.FinancialInstitutionAccount.Number,ReportingParty.FinancialInstitutionAccount.FinancialInstitutionAccountName.Text,ReportingParty.FringeBenefitsTax.AdjustmentDue.Amount,ReportingParty.FringeBenefitsTax.Liability.Amount,ReportingParty.FringeBenefitsTax.LiabilityInstalmentsTotal.Amount,Myob.FringeBenefits.RebatableEmployer,ReportingParty.FringeBenefitsTax.NonRebatableAggregate.Amount,ReportingParty.FringeBenefitsTax.Payable.Amount,ReportingParty.FringeBenefitsTax.Rebate.Amount,ReportingParty.FringeBenefitsTax.Type1Aggregate.Amount,ReportingParty.FringeBenefitsTax.Type2Aggregate.Amount,ReportingParty.Housing.Remuneration.FringeBenefits.BenefitGrossTaxable.Amount,ReportingParty.Housing.Remuneration.FringeBenefits.BenefitNetTaxable.Amount,ReportingParty.Housing.Remuneration.FringeBenefits.EmployeeContribution.Amount,ReportingParty.Housing.Remuneration.FringeBenefits.ItemsProvided.Number,ReportingParty.Housing.Remuneration.FringeBenefits.Type.Code,ReportingParty.Identifiers.AustralianBusinessNumber.Identifier,ReportingParty.Identifiers.TaxFileNumber.Identifier,ReportingParty.IncomeTaxExempt.Remuneration.FringeBenefits.BenefitGrossTaxable.Amount,ReportingParty.IncomeTaxExempt.Remuneration.FringeBenefits.BenefitNetTaxable.Amount,ReportingParty.IncomeTaxExempt.Remuneration.FringeBenefits.Type.Code,ReportingParty.LoansGranted.Remuneration.FringeBenefits.BenefitGrossTaxable.Amount,ReportingParty.LoansGranted.Remuneration.FringeBenefits.BenefitNetTaxable.Amount,ReportingParty.LoansGranted.Remuneration.FringeBenefits.EmployeeContribution.Amount,ReportingParty.LoansGranted.Remuneration.FringeBenefits.ItemsProvided.Number,ReportingParty.LoansGranted.Remuneration.FringeBenefits.Reduction.Amount,ReportingParty.LoansGranted.Remuneration.FringeBenefits.Type.Code,ReportingParty.Lodgment.FinalReturn.Indicator,ReportingParty.MealEntertainment.Remuneration.FringeBenefits.BenefitGrossTaxable.Amount,ReportingParty.MealEntertainment.Remuneration.FringeBenefits.BenefitNetTaxable.Amount,ReportingParty.MealEntertainment.Remuneration.FringeBenefits.Type.Code,ReportingParty.OtherBenefits.Remuneration.FringeBenefits.BenefitGrossTaxable.Amount,ReportingParty.OtherBenefits.Remuneration.FringeBenefits.BenefitNetTaxable.Amount,ReportingParty.OtherBenefits.Remuneration.FringeBenefits.EmployeeContribution.Amount,ReportingParty.OtherBenefits.Remuneration.FringeBenefits.Reduction.Amount,ReportingParty.OtherBenefits.Remuneration.FringeBenefits.Type.Code,ReportingParty.Previous.Contact.Currency.Code,ReportingParty.Previous.Contact.FamilyName.Text,ReportingParty.Previous.Contact.GivenName.Text,ReportingParty.Previous.Contact.NameSuffix.Text,ReportingParty.Previous.Contact.PersonNameType.Code,ReportingParty.Previous.Contact.Title.Text,ReportingParty.Previous.Contact.Usage.Code,ReportingParty.Property.Remuneration.FringeBenefits.BenefitGrossTaxable.Amount,ReportingParty.Property.Remuneration.FringeBenefits.BenefitNetTaxable.Amount,ReportingParty.Property.Remuneration.FringeBenefits.EmployeeContribution.Amount,ReportingParty.Property.Remuneration.FringeBenefits.Reduction.Amount,ReportingParty.Property.Remuneration.FringeBenefits.Type.Code,Myob.FringeBenefits.PublicBenevolentInstitution,ReportingParty.Remuneration.FringeBenefits.AggregateNonExempt.Amount,ReportingParty.Remuneration.FringeBenefits.Recipients.Count,ReportingParty.Remuneration.FringeBenefits.TaxableTotal.Amount,ReportingParty.Remuneration.FringeBenefits.Type1Aggregate.Amount,ReportingParty.Remuneration.FringeBenefits.Type2Aggregate.Amount,ReportingParty.Report.Amendment.Indicator,ReportingParty.Report.AmendmentReason.Text,ReportingParty.Report.AmendmentSequence.Number,ReportingParty.Report.AmendmentType.Code,ReportingParty.Report.CompletionHours.Number,ReportingParty.TrusteeSeniorPartner.OrganisationNameDetails.Currency.Code,ReportingParty.TrusteeSeniorPartner.OrganisationNameDetails.OrganisationalName.Text,ReportingParty.TrusteeSeniorPartner.OrganisationNameDetails.OrganisationalNameType.Code,ReportingParty.TrusteeSeniorPartner.PersonNameDetails.Currency.Code,ReportingParty.TrusteeSeniorPartner.PersonNameDetails.FamilyName.Text,ReportingParty.TrusteeSeniorPartner.PersonNameDetails.GivenName.Text,ReportingParty.TrusteeSeniorPartner.PersonNameDetails.NameSuffix.Text,ReportingParty.TrusteeSeniorPartner.PersonNameDetails.OtherGivenName.Text,ReportingParty.TrusteeSeniorPartner.PersonNameDetails.PersonNameType.Code,ReportingParty.TrusteeSeniorPartner.PersonNameDetails.Title.Text,ReportingParty.TrusteeSeniorPartner.PersonNameDetails.Usage.Code,ReportingParty.TrusteeSeniorPartner.Previous.OrganisationNameDetails.Currency.Code,ReportingParty.TrusteeSeniorPartner.Previous.OrganisationNameDetails.OrganisationalName.Text,ReportingParty.TrusteeSeniorPartner.Previous.OrganisationNameDetails.OrganisationalNameType.Code,ReportingParty.TrusteeSeniorPartner.Previous.PersonNameDetails.Currency.Code,ReportingParty.TrusteeSeniorPartner.Previous.PersonNameDetails.FamilyName.Text,ReportingParty.TrusteeSeniorPartner.Previous.PersonNameDetails.GivenName.Text,ReportingParty.TrusteeSeniorPartner.Previous.PersonNameDetails.NameSuffix.Text,ReportingParty.TrusteeSeniorPartner.Previous.PersonNameDetails.OtherGivenName.Text,ReportingParty.TrusteeSeniorPartner.Previous.PersonNameDetails.PersonNameType.Code,ReportingParty.TrusteeSeniorPartner.Previous.PersonNameDetails.Title.Text,ReportingParty.TrusteeSeniorPartner.Previous.PersonNameDetails.Usage.Code,Number of days employer qualified as Rebatable Employer,Number of days the claimant was an employer
ELS Tag,,,,,BLI,BLJ,,,AWR,AAE,ACR,,,,,,,,BIH,BIK,BII,BIJ,,,CCB,,AVY,AVY,,,AJP,,APD,AJX,,,AVO,,BIX,BIZ,BIY,,BHF,BHI,BHG,BHE,,BHB,BHD,BHC,BHA,,,AXA,AXB,BJP,,BJO,,BHO,BHP,,,,,,DZD,,BJQ,BLK,,,BHZ,BIA,BHY,IJW,,,AAU,,,BGI,BGK,BGJ,BGL,,BGH,,,AMG,,ABH,ABH,,,AME,APE,AMF,,,,BKZ,,,BKW,BKX,BFV,BKY,,BGP,,,AUV,,ABJ,ABJ,,,AUT,APG,AUU,,BHQ,BHT,BHR,BHS,,ABV,BFE,ANH,BJM,BJG,BJL,,GST,BJE,BJF,FZB,FZD,BHV,BHX,BHW,BHU,,EBN,AAD,BIQ,BIR,,BHK,BHM,,FWY,BHL,,BGW,BJA,BJB,,BIS,BIV,BIT,BIU,,,,,,,,,BIM,BIP,BIN,BIO,,,FZE,FYR,BJC,FZA,FZC,,JHD,IJH,JGY,DYF,,ACU,,,ABF,ABG,,BBB,,ABE,,,FWW,,,FWS,FWU,FWT,FWV,,FWR,,,
Editable,TRUE,FALSE,FALSE,FALSE,TRUE,TRUE,FALSE,FALSE,TRUE,TRUE,TRUE,FALSE,TRUE,TRUE,TRUE,TRUE,TRUE,FALSE,TRUE,TRUE,TRUE,TRUE,FALSE,TRUE,TRUE,FALSE,TRUE,TRUE,TRUE,TRUE,TRUE,TRUE,TRUE,TRUE,FALSE,FALSE,TRUE,FALSE,TRUE,TRUE,TRUE,FALSE,TRUE,TRUE,TRUE,TRUE,FALSE,TRUE,TRUE,TRUE,TRUE,FALSE,FALSE,TRUE,TRUE,TRUE,FALSE,TRUE,FALSE,TRUE,TRUE,FALSE,TRUE,FALSE,FALSE,FALSE,TRUE,FALSE,TRUE,TRUE,FALSE,FALSE,TRUE,TRUE,TRUE,TRUE,FALSE,FALSE,TRUE,FALSE,FALSE,TRUE,TRUE,TRUE,TRUE,FALSE,TRUE,FALSE,TRUE,TRUE,FALSE,TRUE,TRUE,TRUE,TRUE,TRUE,TRUE,TRUE,FALSE,TRUE,FALSE,TRUE,FALSE,FALSE,TRUE,TRUE,TRUE,TRUE,FALSE,TRUE,FALSE,TRUE,TRUE,FALSE,TRUE,TRUE,TRUE,TRUE,TRUE,TRUE,TRUE,FALSE,TRUE,TRUE,TRUE,TRUE,FALSE,TRUE,TRUE,TRUE,TRUE,TRUE,TRUE,TRUE,TRUE,TRUE,TRUE,TRUE,TRUE,TRUE,TRUE,TRUE,TRUE,FALSE,TRUE,TRUE,TRUE,TRUE,FALSE,TRUE,TRUE,TRUE,TRUE,TRUE,FALSE,TRUE,TRUE,TRUE,FALSE,TRUE,TRUE,TRUE,TRUE,FALSE,FALSE,TRUE,TRUE,TRUE,FALSE,TRUE,FALSE,TRUE,TRUE,TRUE,TRUE,FALSE,TRUE,TRUE,TRUE,TRUE,TRUE,TRUE,TRUE,TRUE,TRUE,TRUE,TRUE,FALSE,TRUE,FALSE,FALSE,TRUE,TRUE,TRUE,TRUE,FALSE,TRUE,FALSE,FALSE,TRUE,FALSE,FALSE,TRUE,TRUE,TRUE,TRUE,FALSE,TRUE,FALSE,,
User Input,TRUE,FALSE,FALSE,FALSE,TRUE,TRUE,FALSE,FALSE,TRUE,TRUE,TRUE,FALSE,FALSE,TRUE,FALSE,TRUE,TRUE,FALSE,TRUE,FALSE,TRUE,TRUE,FALSE,TRUE,FALSE,FALSE,TRUE,TRUE,TRUE,TRUE,TRUE,TRUE,TRUE,TRUE,FALSE,FALSE,TRUE,FALSE,TRUE,FALSE,TRUE,FALSE,TRUE,FALSE,TRUE,TRUE,FALSE,TRUE,FALSE,TRUE,TRUE,FALSE,FALSE,TRUE,TRUE,TRUE,FALSE,TRUE,FALSE,TRUE,FALSE,FALSE,TRUE,FALSE,FALSE,FALSE,TRUE,FALSE,TRUE,TRUE,FALSE,FALSE,TRUE,FALSE,TRUE,TRUE,FALSE,FALSE,TRUE,FALSE,FALSE,TRUE,TRUE,TRUE,TRUE,FALSE,TRUE,FALSE,TRUE,FALSE,FALSE,TRUE,TRUE,TRUE,TRUE,TRUE,TRUE,TRUE,FALSE,FALSE,FALSE,TRUE,FALSE,FALSE,TRUE,TRUE,TRUE,TRUE,FALSE,TRUE,FALSE,TRUE,FALSE,FALSE,TRUE,TRUE,TRUE,TRUE,TRUE,TRUE,TRUE,FALSE,TRUE,FALSE,TRUE,TRUE,FALSE,TRUE,TRUE,TRUE,FALSE,FALSE,TRUE,TRUE,TRUE,FALSE,FALSE,FALSE,FALSE,TRUE,FALSE,TRUE,TRUE,FALSE,TRUE,TRUE,TRUE,FALSE,FALSE,TRUE,FALSE,TRUE,TRUE,TRUE,FALSE,TRUE,TRUE,FALSE,FALSE,TRUE,FALSE,TRUE,TRUE,FALSE,FALSE,TRUE,TRUE,TRUE,FALSE,TRUE,FALSE,TRUE,FALSE,TRUE,TRUE,FALSE,TRUE,TRUE,TRUE,FALSE,TRUE,TRUE,FALSE,TRUE,FALSE,TRUE,TRUE,FALSE,TRUE,FALSE,FALSE,TRUE,TRUE,TRUE,TRUE,FALSE,TRUE,FALSE,FALSE,TRUE,FALSE,FALSE,TRUE,TRUE,TRUE,TRUE,FALSE,TRUE,FALSE,,
Client 1,,,,,02,40508687,,,ABACUS,00013000,Victoria Carson-Graham,,,,,,,,,,,,,,,,98 North Street,,,,St Leonards,,2110,NSW,,,Abacus Computers,,,,,,3000,3000,,1,,39000,30500,8500,3,,,Patterson,Jackie,,I,Ms,,,,,,,,,abacus@testonly.com,,02,97657478,,,3000,0,1,3000,,,Abacus Computers,,,,,,,,,,,,,98 North Street,,,,St Leonards,2110,NSW,,,,,,,,,,,,,,,,,,,,,,,,,,,,,,397674,12244302,Abacus Computers,4640.83,19640.83,15000,,,19640.83,,35789,6000,,,,,,78928626495,121224211,,,,1290,1290,,1,,,,1000,1000,,,,,,,,,,,,,,,,,,,,,6,41789,17205,3180,,,,,,,,,,,,,,,,,,,,,,,,,,,,,365
Client 2,,,,,08,87873312,,,ABBOTRANK,00013210,Burrows Accounting Partners,,,,,,,,,,,,,,,,75 Warne St,,,,WELLINGTON,,2820,NSW,,,Abbot and Rankine Pty Limited,,,,,,29000,27000,2000,2,,3000,3000,,1,,,Reynolds,Eula,,I,Mrs,,500,500,,,,,,abbot.rankine@testonly.com,,02,97657478,,,,,,,,,Abbot and Rankine Pty Limited,,,,,,,,,,,,,75 Warne St,,,,WELLINGTON,2820,NSW,,,,,,,,,,,,,,,,,,,,,,,,,60000,60000,,,,671490,41973703,Abbot and Rankine Pty Limited,-30725.81,44274.19,75000,TRUE,31699,55882.06,11607.87,29998,88900,26000,23400,2600,1,,78928626495,121224211,,,,,,,,,,,5000,5000,,,,,,,,,,,,,,,,,,,,,3,118898,14421,47117,,,,,,,,,,,,,,,,,,,,,,,,,,,,365,365
Client 3,,,,,08,82869509,,,ABCFAMTRST,00001333,Justin Aniston,,,,,,,,,,,,,,,,85 Joadja Road,,,,MELBOURNE,,3000,VIC,,,ABC Family Trust,,,,,,,,,,,144646,55296,89350,30,,,Sheffield,David,,I,Mr,,,,,,,,,ABCFamily@testonly.com,,02,97657478,,,,,,,,,ABC Family Trust,,,,,,,,,,,,,85 Joadja Road,,,,MELBOURNE,3000,VIC,,,,,,,,,,,,,,,,,,,,,,,,,,,,,,151793,41520021,David and Teresa Sheffield as Trustees for the ABC Family Trust,-99505.88,43285.12,142791,,,43285.12,,92096,,,,,,,78928626495,121224211,,,,,,,,,,,22643,22643,,,,,,,,,,,,,,14160,14160,,,,,,22,92096,44273,,,,,,,,,,,,,,,,,,,,,,,,,,,,,,
Client 4,,,,,02,40725904,,,ADAMSAA,00013021,DEPK,,,,,,,,,,,,,,,,,,,,,,,,,,Abacus Computers,,,,,,,,,,,,,,,,,Sheffield,David,,I,Mr,,,,,,,,,,,02,97657478,,,,,,,,,Abacus Computers,,,,,,,,,,,,,98 North Street,,,,St Leonards,2110,NSW,,,,,,,,,,,,,,,,,,,,,,,,,5316,4767,549,,,397674,12244302,Abacus Computers,-661.98,2240.02,2902,,,2240.02,,,4766,,,,,,78928626495,121224211,,,,,,,,,,,,,,,,,,,,,,,,,,,,,,,,,2,4766,,2526,,,,,,,,,,,,,,,,,,,,,,,,,,,,,
Client 5,,,,,08,93387650,,,ADAMSBC,00013000,Rachelle N. Stein,,,,,,,,,,,,,,,,,,,,,,,,,,Abbot and Rankine Pty Limited,,,,,,,,,,,13429,11867,1562,4,,,Sheffield,David,,I,Mr,,,,,,,,,,,02,97657478,,,,,,,,,Abbot and Rankine Pty Limited,,,,,,,,,,,,,75 Warne St,,,,WELLINGTON,2820,NSW,,,,,,,,,,,,,,,,,,,,,,,,,1342,1342,,,,671490,41973703,Abbot and Rankine Pty Limited,-14276.71,6207.29,20484,,,6207.29,,13207,,,,,,,78928626495,121224211,,,,,,,,,,,,,,,,,,,,,,,,,,,,,,,,,11,13207,6349,,,,,,,,,,,,,,,,,,,,,,,,,,,,,,
Client 6,,,,,08,82253450,,,ADELSON,00013210,Gold Medal Accounting,,,,,,,,,,,,,,,,,,,,,,,,,,ABC Family Trust,,,,,,,,,,,11171,11171,,1,,,Sheffield,David,,I,Mr,,,,,,,,,,,02,97657478,,,,,,,,,ABC Family Trust,,,,,,,,,,,,,85 Joadja Road,,,,MELBOURNE,3000,VIC,,,,,,,,,,,,,,,,,,,,,,,,,,,,,,151793,41520021,David and Teresa Sheffield as Trustees for the ABC Family Trust,-11480.15,5994.85,17475,,,5994.85,,12755,,,,,,,78928626495,121224211,,,,,,,,,,,1585,1585,,,,,,,,,,,,,,,,,,,,,,12755,6132,,,,,,,,,,,,,,,,,,,,,,,,,,,,,,
Client 7,,,,,02,40962467,,,ADJUSTMGT,00013000,Victoria Carson-Graham,,,,,,,,,,,,,,,,,,,,,,,,,,Abacus Computers,,,,,,,,,,,7475,7475,,4,,,Sheffield,David,,I,Mr,,,,,,,,,,,02,97657478,,,,,,,,,Abacus Computers,,,,,,,,,,,,,98 North Street,,,,St Leonards,2110,NSW,,,,,,,,,,,,,,,,,,,,,,,,,2117,2117,,,,397674,12244302,Abacus Computers,-3188.23,4507.77,7696,,,4507.77,,9591,,,,,,,78928626495,121224211,,,,,,,,,,,,,,,,,,,,,,,,,,,,,,,,,,9591,4611,,,,,,,,,,,,,,,,,,,,,,,,,,,,,,
Client 8,,,,,08,90484436,,,ADVPROP,00001333,Justin Aniston,,,,,,,,,,,,,,,,,,,,,,,,,,Abbot and Rankine Pty Limited,,,,,,,,,,,9651,0,9651,1,,,Sheffield,David,,I,Mr,,,,,,,,,,,02,97657478,,,,,,,,,Abbot and Rankine Pty Limited,,,,,,,,,,,,,75 Warne St,,,,WELLINGTON,2820,NSW,,,,,,,,,,,,,,,,,,,,,,,,,,,,,,671490,41973703,Abbot and Rankine Pty Limited,0.00,0.00,0,,,0.00,,0,,,,,,,78928626495,121224211,,,,,,,,,,,,,,,,,,,,,,,,,,,,,,,,,1,0,0,,,,,,,,,,,,,,,,,,,,,,,,,,,,,,
Client 9,,,,,08,67803734,,,AFFORDLEG,00001333,Justin Aniston,,,,,,,,,,,,,,,,,,,,,,,,,,ABC Family Trust,,,,,,,,,,,61748,61748,,9,,,Sheffield,David,,I,Mr,,,,,,,,,,,02,97657478,,,97266,60816,4,36450,,,ABC Family Trust,,,,,,,,,,,,,85 Joadja Road,,,,MELBOURNE,3000,VIC,,,,,,,,,,,,,,,,,,,,,,,,,45180,16907,,28273,,151793,41520021,David and Teresa Sheffield as Trustees for the ABC Family Trust,-3703.94,70170.06,73874,,,70170.06,,78053,71245,,,,,,78928626495,121224211,,,,,,,,,,,9828,9828,,,,,,,,,,,,,,,,,,,,,20,149298,37522,37760,,,,,,,,,,,,,,,,,,,,,,,,,,,,,
Client 10,,,,,02,83818911,,,AGRIMELB,00013210,Alfred Vasquez,,,,,,,,,,,,,,,,,,,,,,,,,,Abacus Computers,,,,,,,,,,,5607,5607,,1,,,Sheffield,David,,I,Mr,,,,,,,,,,,02,97657478,,,145510,32348,1,113162,,,Abacus Computers,,,,,,,,,,,,,98 North Street,,,,St Leonards,2110,NSW,,,,,,,,,,,,,,,,,,,,,,,,,64964,57727,,7237,,397674,12244302,Abacus Computers,-32213.17,56582.83,88796,,,56582.83,,27163,93226,,,,,,78928626495,121224211,,,,,,,,,,,24709,24709,,,,,,,,,,,,,,,,,,,,,,120389,13058,49410,,,,,,,,,,,,,,,,,,,,,,,,,,,,,
Client 11,,,,,08,40508687,,,AGRIPERTH,00013000,Victoria Carson-Graham,,,,,,,,,,,,,,,,,,,,,,,,,,Abbot and Rankine Pty Limited,,,,,,,,,,,,,,,,,Sheffield,David,,I,Mr,,,,,,,,,,,02,97657478,,,,,,,,,Abbot and Rankine Pty Limited,,,,,,,,,,,,,75 Warne St,,,,WELLINGTON,2820,NSW,,,,,,,,,,,,,,,,,,,,,,,,,54750,27375,27375,,,671490,41973703,Abbot and Rankine Pty Limited,22933.65,22933.65,0,,,22933.65,,8424,40371,,,,,,78928626495,121224211,,,,2717,2717,,1,,,,2186,2186,,,,,,,,,,,,,,,,,,,,,1,48795,4050,21397,,,,,,,,,,,,,,,,,,,,,,,,,,,,,
Client 12,,,,,08,87873312,,,ALLAN,00013210,Burrows Accounting Partners,,,,,,,,,,,,,,,,,,,,,,,,,,ABC Family Trust,,,,,,,,,,,19828,19828,,4,,,Sheffield,David,,I,Mr,,,,,,,,,,,02,97657478,,,74558,0,3,74558,,,ABC Family Trust,,,,,,,,,,,,,85 Joadja Road,,,,MELBOURNE,3000,VIC,,,,,,,,,,,,,,,,,,,,,,,,,97034,82509,10673,3852,,151793,41520021,David and Teresa Sheffield as Trustees for the ABC Family Trust,1996.92,48097.92,46101,,,48097.92,,26368,75968,,,,,,78928626495,121224211,,,,,,,,,,,,,,,,,,,,,,,,,,,,,,,,,5,102336,12676,40263,,,,,,,,,,,,,,,,,,,,,,,,,,,,,
Client 13,,,,,02,82869509,,,ALLENBURYJ,00001333,Justin Aniston,,,,,,,,,,,,,,,,,,,,,,,,,,Abacus Computers,,,,,,16809,16809,,3,,,,,,,,Sheffield,David,,I,Mr,,,,,,,,,,,02,97657478,,,,,,,,,Abacus Computers,,,,,,,,,,,,,98 North Street,,,,St Leonards,2110,NSW,,,,,,,,,,,,,,,,,,,,,,,,,,,,,,397674,12244302,Abacus Computers,-4801.24,7899.76,12701,,,7899.76,,16231,577,,,,,,78928626495,121224211,,,,,,,,,,,,,,,,,,,,,,,,,,,,,,,,,,16808,7803,306,,,,,,,,,,,,,,,,,,,,,,,,,,,,,
Client 14,,,,,08,40725904,,,ALLENAUTO,00013021,DEPK,,,,,,,,,,,,,,,,,,,,,,,,,,Abbot and Rankine Pty Limited,,,,,,,,,,,,,,,,,Sheffield,David,,I,Mr,,,,,,,,,,,02,97657478,,,,,,,,,Abbot and Rankine Pty Limited,,,,,,,,,,,,,75 Warne St,,,,WELLINGTON,2820,NSW,,,,,,,,,,,,,,,,,,,,,,,,,17529,17529,,,,671490,41973703,Abbot and Rankine Pty Limited,-3417.84,8238.16,11656,,,8238.16,,,17528,,,,,,78928626495,121224211,,,,,,,,,,,,,,,,,,,,,,,,,,,,,,,,,,17528,,9290,,,,,,,,,,,,,,,,,,,,,,,,,,,,,
Client 15,,,,,08,93387650,,,ANGOODPK,00013000,Rachelle N. Stein,,,,,,,,,,,,,,,,,,,,,,,,,,ABC Family Trust,,,,,,,,,,,15921,15921,,3,,,Sheffield,David,,I,Mr,,,,,,,,,,,02,97657478,,,1060,0,1,1060,,,ABC Family Trust,,,,,,,,,,,,,85 Joadja Road,,,,MELBOURNE,3000,VIC,,,,,,,,,,,,,,,,,,,,,,,,,,,,,,151793,41520021,David and Teresa Sheffield as Trustees for the ABC Family Trust,7481.93,7481.93,0,,,7481.93,,15919,,,,,,,78928626495,121224211,,,,,,,,,,,,,,,,,,,,,,,,,,,,,,,,,3,15919,7653,,,,,,,,,,,,,,,,,,,,,,,,,,,,,,
Client 16,,,,,02,82253450,,,ANGOODENT,00013210,Gold Medal Accounting,,,,,,,,,,,,,,,,,,,,,,,,,,Abacus Computers,,,,,,,,,,,413786,413786,,109,,,Sheffield,David,,I,Mr,,,,,,,,,,,02,97657478,,,,,,,,,Abacus Computers,,,,,,,,,,,,,98 North Street,,,,St Leonards,2110,NSW,,,,,,,,,,,,,,,,,,,,,,,,,4018517,4018517,,,,397674,12244302,Abacus Computers,32048.66,291248.66,259200,,,291248.66,,,,,,,,,78928626495,121224211,,,,408,408,,,,,,,,,,,,,,,,,,,,,1770,1770,,,,TRUE,619678,361,619678,,,,,,,,,,,,,,,,,,,,,,,,,,,,,,,
Client 17,,,,,08,40962467,,,ANTSONSEC,00013000,Victoria Carson-Graham,,,,,,,,,,,,,,,,,,,,,,,,,,Abbot and Rankine Pty Limited,,,,,,,,,,,12087,12087,,5,,,Sheffield,David,,I,Mr,,,,,,,,,,,02,97657478,,,,,,,,,Abbot and Rankine Pty Limited,,,,,,,,,,,,,75 Warne St,,,,WELLINGTON,2820,NSW,,,,,,,,,,,,,,,,,,,,,,,,,120854,120854,,,,671490,41973703,Abbot and Rankine Pty Limited,-3961.62,9801.38,13763,,,9801.38,,,,,,,,,78928626495,121224211,,,,,,,,,,,,,,,,,,,,,,,,,,,,,,,TRUE,20854,9,20854,,,,,,,,,,,,,,,,,,,,,,,,,,,,,,,
Client 18,,,,,08,90484436,,,ANSTOWTECH,00001333,Justin Aniston,,,,,,,,169048,169048,,,,,,,,,,,,,,,,,ABC Family Trust,,,,,,1601,0,1601,2,,19567,203,19364,4,,,Sheffield,David,,I,Mr,,,,,,,,,,,02,97657478,,,124320,124320,44,,,,ABC Family Trust,,,,,,,,,,,,,85 Joadja Road,,,,MELBOURNE,3000,VIC,,,,,,,,,,,,,,,,,,,,,,,,,25737,25737,,,,151793,41520021,David and Teresa Sheffield as Trustees for the ABC Family Trust,-312888.76,239743.24,552632,,,239743.24,,43813,466279,44118,44118,,5,,78928626495,121224211,,,,,,,,,,,8700,8700,,137969,137969,,,,,,,,,,,,,,,,,,66,510092,21062,247127,,,,,,,,,,,,,,,,,,,,,,,,,,,,,
Client 19,,,,,02,67803734,,,APPLEORCH,00001333,Justin Aniston,,,,,,,,4350,4350,,,,,,,,,,,,,,,,,Abacus Computers,,,,,,12935,12935,,2,,,,,,,,Sheffield,David,,I,Mr,,,,,,,,,,,02,97657478,,,,,,,,,Abacus Computers,,,,,,,,,,,,,98 North Street,,,,St Leonards,2110,NSW,,,,,,,,,,,,,,,,,,,,,,,,,1105,1105,,,,397674,12244302,Abacus Computers,5686.17,34503.17,28817,,,34503.17,,28987,44424,19417,19417,,7,,78928626495,121224211,,,,,,,,,,,,,,,,,,,,,,,,,,,,,,,,,9,73411,13935,23545,,,,,,,,,,,,,,,,,,,,,,,,,,,,,
Client 20,,,,,08,83818911,,,ARRAMASSOC,00013210,Alfred Vasquez,,,,,,,,,,,,,,,,,,,,,,,,,,Abbot and Rankine Pty Limited,,,,,,,,,,,39465,35546,3919,8,,,Sheffield,David,,I,Mr,,,,,,,,,,,02,97657478,,,81957,81957,2,,,,Abbot and Rankine Pty Limited,,,,,,,,,,,,,75 Warne St,,,,WELLINGTON,2820,NSW,,,,,,,,,,,,,,,,,,,,,,,,,159449,82496,,76953,,671490,41973703,Abbot and Rankine Pty Limited,28723.32,98867.32,70144,,,98867.32,,56188,154168,,,,,,78928626495,121224211,,,,207,0,,1,207,,,10358,10358,,,,,,,,,,,,,,,,,,,,,12,210356,27011,81709,,,,,,,,,,,,,,,,,,,,,,,,,,,,,
Client 21,,,,,08,40508687,,,ASHWORTH,00013000,Victoria Carson-Graham,,,,,,,,,,,,,,,,,,,,,,,,,,ABC Family Trust,,3902,3902,,,3731,3731,,1,,2165,958,1207,1,,,Sheffield,David,,I,Mr,,,,,,,,,,,02,97657478,,,,,,,,,ABC Family Trust,,,,,,,,,,,,,85 Joadja Road,,,,MELBOURNE,3000,VIC,,,,,,,,,,,,,,,,,,,,,,,,,,,,,,151793,41520021,David and Teresa Sheffield as Trustees for the ABC Family Trust,-7962.17,4036.83,11999,,,4036.83,,8589,,,,,,,78928626495,121224211,,,,967,0,,1,967,,,,,,,,,,,,,,,,,,,,,,,,,,8589,4129,,,,,,,,,,,,,,,,,,,,,,,,,,,,,,
Client 22,,,,,02,87873312,,,AUSTCHAL,00013210,Burrows Accounting Partners,,,,,,,,27520,0,,27520,,,,,,,,,,,,,,,Abacus Computers,,,,,,,,,,,,,,,,,Sheffield,David,,I,Mr,,,,,,,,,,,02,97657478,,,20000,0,1,20000,,,Abacus Computers,,,,,,,,,,,,,98 North Street,,,,St Leonards,2110,NSW,,,,,,,,,,,,,,,,,,,,,,,,,,,,,,397674,12244302,Abacus Computers,10645.03,10645.03,0,,,10645.03,,22649,,,,,,,78928626495,121224211,,,,,,,,,,,16417,16417,,6233,6233,,,,,,,,,,,,,,,,,,,22649,10888,,,,,,,,,,,,,,,,,,,,,,,,,,,,,,
Client 23,,,,,08,82869509,,,BALTMARK,00001333,Justin Aniston,,,,,,,,,,,,,,,,,,,,,,,,,,Abbot and Rankine Pty Limited,,,,,,,,,,,137492,56331,81161,74,,,Sheffield,David,,I,Mr,,,,,,,,,,,02,97657478,,,176530,0,1,176530,,,Abbot and Rankine Pty Limited,,,,,,,,,,,,,75 Warne St,,,,WELLINGTON,2820,NSW,,,,,,,,,,,,,,,,,,,,,,,,,503967,503967,,,,671490,41973703,Abbot and Rankine Pty Limited,-154479.85,159112.15,313592,TRUE,39057,269932.28,110820.13,16547,557777,,,,,,78928626495,121224211,,,,,,,,,,,,,,462027,462027,,,,,,,,,,,,,,,,,,,574324,7955,295621,,,,,,,,,,,,,,,,,,,,,,,,,,,,365,
Client 24,,,,,08,40725904,,,BAYSIDEIMP,00013021,DEPK,,,,,,,,,,,,,,,,,,,,,,,,,,ABC Family Trust,,,,,,,,,,,3800,3800,,2,,,Sheffield,David,,I,Mr,,507138,507138,,,,,,,,02,97657478,,,,,,,,,ABC Family Trust,,,,,,,,,,,,,85 Joadja Road,,,,MELBOURNE,3000,VIC,,,,,,,,,,,,,,,,,,,,,,,,,3659,3087,,572,,151793,41520021,David and Teresa Sheffield as Trustees for the ABC Family Trust,221591.34,241590.34,19999,,,241590.34,,6885,507137,,,,,,78928626495,121224211,,,,,,,,,,,,,,,,,,,,,,,,,,585,0,,585,,,,27,514022,3310,268782,,,,,,,,,,,,,,,,,,,,,,,,,,,,,
Client 25,,,,,02,93387650,,,BELLJF,00013000,Rachelle N. Stein,,,,,,,,,,,,,,,,,,,,,,,,,,Abacus Computers,,2166,2166,,,7615,7615,,10,,4937,368,4569,4,,,Sheffield,David,,I,Mr,,,,,,,,,,,02,97657478,,,,,,,,,Abacus Computers,,,,,,,,,,,,,98 North Street,,,,St Leonards,2110,NSW,,,,,,,,,,,,,,,,,,,,,,,,,,,,,,397674,12244302,Abacus Computers,-4259.91,4769.09,9029,,,4769.09,,10147,,90958,0,90958,38,,78928626495,121224211,,,,,,,,,,,,,,,,,,,,,,,,,,,,,,,,,9,10147,4878,,,,,,,,,,,,,,,,,,,,,,,,,,,,,,
Client 26,,,,,08,82253450,,,BELLBELL,00013210,Gold Medal Accounting,,,,,,,,,,,,,,,,,,,,,,,,,,Abbot and Rankine Pty Limited,,,,,,,,,,,9332,0,9332,2,,,Sheffield,David,,I,Mr,,,,,,,,,,,02,97657478,,,23321,3128,2,20193,,,Abbot and Rankine Pty Limited,,,,,,,,,,,,,75 Warne St,,,,WELLINGTON,2820,NSW,,,,,,,,,,,,,,,,,,,,,,,,,2225,2225,,,,671490,41973703,Abbot and Rankine Pty Limited,1474.13,46473.13,44999,,,46473.13,,60521,38358,,,,,,78928626495,121224211,,,,,,,,,,,,,,44007,33005,,11002,,,,,,,,,505673,60522,351717,93434,,,,,98879,29094,20330,,,,,,,,,,,,,,,,,,,,,,,,,,,,,
Client 27,,,,,08,40962467,,,BERRYTECH,00013000,Victoria Carson-Graham,,,,,,,,,,,,,,,,,,,,,,,,,,ABC Family Trust,,,,,,,,,,,,,,,,,Sheffield,David,,I,Mr,,,,,,,,,,,02,97657478,,,,,,,,,ABC Family Trust,,,,,,,,,,,,,85 Joadja Road,,,,MELBOURNE,3000,VIC,,,,,,,,,,,,,,,,,,,,,,,,,,,,,,151793,41520021,David and Teresa Sheffield as Trustees for the ABC Family Trust,-185676.45,182343.55,368020,,,182343.55,,187565,200400,,,,,,78928626495,121224211,,,,,,,,,,,,,,267202,200401,,66801,,,,,,,,,779751,187566,449162,143023,,,,,387965,90167,106212,,,,,,,,,,,,,,,,,,,,,,,,,,,,,
Client 28,,,,,02,90484436,,,BLLIMITED,00001333,Justin Aniston,,,,,,,,,,,,,,,,,,,,,,,,,,Abacus Computers,,29790,29790,,,11860,11860,,5,,77272,73259,4013,9,,,Sheffield,David,,I,Mr,,,,,,,,,,,02,97657478,,,,,,,,,Abacus Computers,,,,,,,,,,,,,98 North Street,,,,St Leonards,2110,NSW,,,,,,,,,,,,,,,,,,,,,,,,,1016,1016,,,,397674,12244302,Abacus Computers,-30840.16,69029.84,99870,,,69029.84,,146872,,,,,,,78928626495,121224211,1200,1200,,,,,,,,,29749,29749,,,,,,,,,,,,,,173551,0,173551,,,,,171,146872,70605,,,,,,,,,,,,,,,,,,,,,,,,,,,,,,
Client 29,,,,,08,67803734,,,BLUEMETAL,00001333,Justin Aniston,,,,,,,,,,,,,,,,,,,,,,,,,,Abbot and Rankine Pty Limited,,,,,,264,264,,2,,37850,33461,4389,11,,,Sheffield,David,,I,Mr,,,,,,,,,,,02,97657478,,,,,,,,,Abbot and Rankine Pty Limited,,,,,,,,,,,,,75 Warne St,,,,WELLINGTON,2820,NSW,,,,,,,,,,,,,,,,,,,,,,,,,1164,1164,,,,671490,41973703,Abbot and Rankine Pty Limited,-7125.09,27190.91,34316,,,27190.91,,56689,1164,,,,,,78928626495,121224211,22965,22965,,,,,,,,,,,,,,,,,,,,,,,,,,,,,,,,57853,27252,617,,,,,,,,,,,,,,,,,,,,,,,,,,,,,
Client 30,,,,,08,83818911,,,BOLTJ,00013210,Alfred Vasquez,,,,,,,,,,,,,,,,,,,,,,,,,,ABC Family Trust,,,,,,,,,,,96957,55507,41450,16,,,Sheffield,David,,I,Mr,,,,,,,,,,,02,97657478,,,,,,,,,ABC Family Trust,,,,,,,,,,,,,85 Joadja Road,,,,MELBOURNE,3000,VIC,,,,,,,,,,,,,,,,,,,,,,,,,,,,,,151793,41520021,David and Teresa Sheffield as Trustees for the ABC Family Trust,-46950.13,51709.87,98660,,,51709.87,,110021,,,,,,,78928626495,121224211,,,,,,,,,,,51049,51049,,4237,3467,770,,,,,,,,,,,,,,,,,,110021,52890,,,,,,,,,,,,,,,,,,,,,,,,,,,,,,
Client 31,,,,,02,40508687,,,BOLTN,00013000,Victoria Carson-Graham,,,,,,,,,,,,,,,,,,,,,,,,,,Abacus Computers,,,,,,,,,,,1901362,1901362,,207,,,Sheffield,David,,I,Mr,,,,,,,,,,,02,97657478,,,2254638,683201,230,1571437,,,Abacus Computers,,,,,,,,,,,,,98 North Street,,,,St Leonards,2110,NSW,,,,,,,,,,,,,,,,,,,,,,,,,1252636,445606,,807030,,397674,12244302,Abacus Computers,-1261661.71,1791126.29,3052788,,,1791126.29,,3092539,718368,,,,,,78928626495,121224211,,,,,,,,,,,676197,676197,,118661,104545,14116,,,,,,,,,,,,,,,,,816,3810907,1486655,380734,,,,,,,,,,,,,,,,,,,,,,,,,,,,,
Client 32,,,,,08,87873312,,,BONNY,00013210,Burrows Accounting Partners,,,,,,,,,,,,,,,,,,,,,,,,,,Abbot and Rankine Pty Limited,,9563,593,8970,,16432,16432,,12,,6250,6250,,1,,,Sheffield,David,,I,Mr,,,,,,,,,,,02,97657478,,,,,,,,,Abbot and Rankine Pty Limited,,,,,,,,,,,,,75 Warne St,,,,WELLINGTON,2820,NSW,,,,,,,,,,,,,,,,,,,,,,,,,16655,11740,4915,,,671490,41973703,Abbot and Rankine Pty Limited,-40472.07,25247.93,65720,,,25247.93,,45778,7941,186035,2819,183216,48,,78928626495,121224211,,,,,,,,,,,,,,,,,,,,,,,,,,10496,10496,,,,,,,53719,22007,4209,,,,,,,,,,,,,,,,,,,,,,,,,,,,,
Client 33,,,,,08,82869509,,,BOOKS,00001333,Justin Aniston,,,,,,,,,,,,,,,,,,,,,,,,,,ABC Family Trust,,10032,2508,7524,,,,,,,,,,,,,Sheffield,David,,I,Mr,,,,,,,,,,,02,97657478,,,,,,,,,ABC Family Trust,,,,,,,,,,,,,85 Joadja Road,,,,MELBOURNE,3000,VIC,,,,,,,,,,,,,,,,,,,,,,,,,,,,,,151793,41520021,David and Teresa Sheffield as Trustees for the ABC Family Trust,1882.82,1882.82,0,,,1882.82,,2506,1500,,,,,,78928626495,121224211,,,,,,,,,,,,,,1500,1500,,,,,,,,,,,,,,,,,,,4006,1205,795,,,,,,,,,,,,,,,,,,,,,,,,,,,,,
Client 34,,,,,02,40725904,,,BRIGHTCEM,00013021,DEPK,,,,,,,,,,,,,,,,,,,,,,,,,,Abacus Computers,,,,,,,,,,,9154,9154,,3,,,Sheffield,David,,I,Mr,,,,,,,,,,,02,97657478,,,,,,,,,Abacus Computers,,,,,,,,,,,,,98 North Street,,,,St Leonards,2110,NSW,,,,,,,,,,,,,,,,,,,,,,,,,,,,,,397674,12244302,Abacus Computers,-1090.06,10857.94,11948,,,10857.94,,23102,,,,,,,78928626495,121224211,,,,,,,,,,,,,,13950,13950,,,,,,,,,,,,,,,,,,,23102,11106,,,,,,,,,,,,,,,,,,,,,,,,,,,,,,
Client 35,,,,,08,93387650,,,BROWNS,00013000,Rachelle N. Stein,,,,,,,,,,,,,,,,,,,,,,,,,,Abbot and Rankine Pty Limited,,,,,,,,,,,,,,,,,Sheffield,David,,I,Mr,,,,,,,,,,,02,97657478,,,,,,,,,Abbot and Rankine Pty Limited,,,,,,,,,,,,,75 Warne St,,,,WELLINGTON,2820,NSW,,,,,,,,,,,,,,,,,,,,,,,,,5412,5412,,,,671490,41973703,Abbot and Rankine Pty Limited,-4505.90,4714.10,9220,,,4714.10,,5470,4560,,,,,,78928626495,121224211,,,,,,,,,,,,,,4621,4621,,,,,,,,,,,,,,,,,,,10030,2630,2417,,,,,,,,,,,,,,,,,,,,,,,,,,,,,
Client 36,,,,,08,82253450,,,BURDALLR,00013210,Gold Medal Accounting,,,,,,,,,,,,,,,,,,,,,,,,,,ABC Family Trust,,,,,,,,,,,,,,,,,Sheffield,David,,I,Mr,,,,,,,,,,,02,97657478,,,,,,,,,ABC Family Trust,,,,,,,,,,,,,85 Joadja Road,,,,MELBOURNE,3000,VIC,,,,,,,,,,,,,,,,,,,,,,,,,1069,1069,,,,151793,41520021,David and Teresa Sheffield as Trustees for the ABC Family Trust,501.49,501.49,0,,,501.49,,1067,,,,,,,78928626495,121224211,,,,,,,,,,,,,,,,,,,,,,,,,,,,,,,,,,1067,513,,,,,,,,,,,,,,,,,,,,,,,,,,,,,,
Client 37,,,,,02,40962467,,,BYRNEASSOC,00013000,Victoria Carson-Graham,,,,,,,,,,,,,,,,,,,,,,,,,,Abacus Computers,,,,,,,,,,,6648,6648,,1,,,Sheffield,David,,I,Mr,,,,,,,,,,,02,97657478,,,,,,,,,Abacus Computers,,,,,,,,,,,,,98 North Street,,,,St Leonards,2110,NSW,,,,,,,,,,,,,,,,,,,,,,,,,,,,,,397674,12244302,Abacus Computers,347.94,3901.94,3554,,,3901.94,,8302,,,,,,,78928626495,121224211,,,,,,,,,,,1656,1656,,,,,,,,,,,,,,,,,,,,,,8302,3991,,,,,,,,,,,,,,,,,,,,,,,,,,,,,,
Client 38,,,,,08,90484436,,,CALABRESES,00001333,Justin Aniston,,,,,,,,,,,,,,,,,,,,,,,,,,Abbot and Rankine Pty Limited,,,,,,,,,,,6085,6085,,,,,Sheffield,David,,I,Mr,,,,,,,,,,,02,97657478,,,,,,,,,Abbot and Rankine Pty Limited,,,,,,,,,,,,,75 Warne St,,,,WELLINGTON,2820,NSW,,,,,,,,,,,,,,,,,,,,,,,,,64268,64268,,,,671490,41973703,Abbot and Rankine Pty Limited,-355.09,3408.91,3764,,,3408.91,,,,,,,,,78928626495,121224211,,,,,,,,,,,,,,,,,,,,,,,,,,,,,,,TRUE,7253,,7253,,,,,,,,,,,,,,,,,,,,,,,,,,,,,,,
Client 39,,,,,08,67803734,,,CANARYFIN,00001333,Justin Aniston,,,,,,,,,,,,,,,,,,,,,,,,,,ABC Family Trust,,,,,,,,,,,,,,,,,Sheffield,David,,I,Mr,,,,,,,,,,,02,97657478,,,,,,,,,ABC Family Trust,,,,,,,,,,,,,85 Joadja Road,,,,MELBOURNE,3000,VIC,,,,,,,,,,,,,,,,,,,,,,,,,,,,,,151793,41520021,David and Teresa Sheffield as Trustees for the ABC Family Trust,-2558.77,2777.23,5336,,,2777.23,,5909,,,,,,,78928626495,121224211,,,,,,,,,,,,,,,,,,,,,,,,,,,,,,,,,,5909,2841,,,,,,,,,,,,,,,,,,,,,,,,,,,,,,
Client 40,,,,,02,83818911,,,CANVEYLTD,00013210,Alfred Vasquez,,,,,,,,,,,,,,,,,,,,,,,,,,Abacus Computers,,,,,,3248,3248,,1,,5620,5620,,1,,,Sheffield,David,,I,Mr,,,,,,,,,,,02,97657478,,,,,,,,,Abacus Computers,,,,,,,,,,,,,98 North Street,,,,St Leonards,2110,NSW,,,,,,,,,,,,,,,,,,,,,,,,,6228,5911,,317,,397674,12244302,Abacus Computers,-3106.54,5131.46,8238,,,5131.46,,10918,,,,,,,78928626495,121224211,,,,,,,,,,,2052,2052,,,,,,,,,,,,,,,,,,,,,,10918,5249,,,,,,,,,,,,,,,,,,,,,,,,,,,,,,
Client 41,,,,,08,40508687,,,CLARGOTEST,00013000,Victoria Carson-Graham,,,,,,,,5440,5440,,,,,,,,,,,,,,,,,Abbot and Rankine Pty Limited,,,,,,,,,,,9434,9434,,1,,,Sheffield,David,,I,Mr,,,,,,,,,,,02,97657478,,,,,,,,,Abbot and Rankine Pty Limited,,,,,,,,,,,,,75 Warne St,,,,WELLINGTON,2820,NSW,,,,,,,,,,,,,,,,,,,,,,,,,16049,16049,,,,671490,41973703,Abbot and Rankine Pty Limited,5287.10,25687.10,20400,TRUE,12700,37675.20,11988.1,9907,70253,,,,,,78928626495,121224211,,,,,,,,,,,,,,38279,38279,,,,,,,,,,,14633,10960,,3673,,,,,80160,4763,37234,,,,,,,,,,,,,,,,,,,,,,,,,,,,,
Client 42,,,,,08,87873312,,,CLARKCO,00013210,Burrows Accounting Partners,,,,,,,,,,,,,,,,,,,,,,,,,,ABC Family Trust,,,,,,15090,15090,,1,,,,,,,,Sheffield,David,,I,Mr,,,,,,,,,,,02,97657478,,,,,,,,,ABC Family Trust,,,,,,,,,,,,,85 Joadja Road,,,,MELBOURNE,3000,VIC,,,,,,,,,,,,,,,,,,,,,,,,,,,,,,151793,41520021,David and Teresa Sheffield as Trustees for the ABC Family Trust,-12329.71,8181.29,20511,,,8181.29,,17407,,,,,,,78928626495,121224211,,,,,,,,,,,2318,2318,,,,,,,,,,,,,,,,,,,,,1,17407,8368,,,,,,,,,,,,,,,,,,,,,,,,,,,,,,
Client 43,,,,,02,82869509,,,CLASSICZIP,00001333,Justin Aniston,,,,,,,,,,,,,,,,,,,,,,,,,,Abacus Computers,,,,,,,,,,,2053,2053,,1,,,Sheffield,David,,I,Mr,,,,,,,,,,,02,97657478,,,,,,,,,Abacus Computers,,,,,,,,,,,,,98 North Street,,,,St Leonards,2110,NSW,,,,,,,,,,,,,,,,,,,,,,,,,,,,,,397674,12244302,Abacus Computers,963.97,963.97,0,,,963.97,,2051,,,,,,,78928626495,121224211,,,,,,,,,,,,,,,,,,,,,,,,,,,,,,,,,1,2051,986,,,,,,,,,,,,,,,,,,,,,,,,,,,,,,
Client 44,,,,,08,40725904,,,CLEAN,00013021,DEPK,,,,,,,,,,,,,,,,,,,,,,,,,,Abbot and Rankine Pty Limited,,,,,,,,,,,1995,0,1995,1,,,Sheffield,David,,I,Mr,,,,,,,,,,,02,97657478,,,,,,,,,Abbot and Rankine Pty Limited,,,,,,,,,,,,,75 Warne St,,,,WELLINGTON,2820,NSW,,,,,,,,,,,,,,,,,,,,,,,,,,,,,,671490,41973703,Abbot and Rankine Pty Limited,0.00,0.00,0,,,0.00,,0,,,,,,,78928626495,121224211,,,,,,,,,,,,,,,,,,,,,,,,,,,,,,,,,1,0,0,,,,,,,,,,,,,,,,,,,,,,,,,,,,,,
Client 45,,,,,08,93387650,,,CLEAR,00013000,Rachelle N. Stein,,,,,,,,,,,,,,,,,,,,,,,,,,ABC Family Trust,,,,,,3324,3324,,3,,,,,,,,Sheffield,David,,I,Mr,,,,,,,,,,,02,97657478,,,,,,,,,ABC Family Trust,,,,,,,,,,,,,85 Joadja Road,,,,MELBOURNE,3000,VIC,,,,,,,,,,,,,,,,,,,,,,,,,,,,,,151793,41520021,David and Teresa Sheffield as Trustees for the ABC Family Trust,1561.34,1561.34,0,,,1561.34,,3322,,,,,,,78928626495,121224211,,,,,,,,,,,,,,,,,,,,,,,,,,,,,,,,,2,3322,1597,,,,,,,,,,,,,,,,,,,,,,,,,,,,,,
Client 46,,,,,02,82253450,,,CLEARPOL,00013210,Gold Medal Accounting,,,,,,,,,,,,,,,,,,,,,,,,,,Abacus Computers,,7606,0,7606,,,,,,,10004,6200,3804,2,,,Sheffield,David,,I,Mr,,,,,,,,,,,02,97657478,,,,,,,,,Abacus Computers,,,,,,,,,,,,,98 North Street,,,,St Leonards,2110,NSW,,,,,,,,,,,,,,,,,,,,,,,,,1500,0,900,600,,397674,12244302,Abacus Computers,-359.94,2913.06,3273,,,2913.06,,6198,,,,,,,78928626495,121224211,,,,,,,,,,,,,,,,,,,,,,,,,,,,,,,,,2,6198,2980,,,,,,,,,,,,,,,,,,,,,,,,,,,,,,
Client 47,,,,,08,40962467,,,CLEARWATER,00013000,Victoria Carson-Graham,,,,,,,,,,,,,,,,,,,,,,,,,,Abbot and Rankine Pty Limited,,,,,,983,0,983,1,,,,,,,,Sheffield,David,,I,Mr,,,,,,,,,,,02,97657478,,,,,,,,,Abbot and Rankine Pty Limited,,,,,,,,,,,,,75 Warne St,,,,WELLINGTON,2820,NSW,,,,,,,,,,,,,,,,,,,,,,,,,,,,,,671490,41973703,Abbot and Rankine Pty Limited,0.00,0.00,0,,,0.00,,0,,,,,,,78928626495,121224211,,,,,,,,,,,,,,,,,,,,,,,,,,,,,,,,,1,0,0,,,,,,,,,,,,,,,,,,,,,,,,,,,,,,
Client 48,,,,,08,90484436,,,CLEMKEYS,00001333,Justin Aniston,,,,,,,,,,,,,,,,,,,,,,,,,,ABC Family Trust,,,,,,713,0,713,1,,,,,,,,Sheffield,David,,I,Mr,,,,,,,,,,,02,97657478,,,,,,,,,ABC Family Trust,,,,,,,,,,,,,85 Joadja Road,,,,MELBOURNE,3000,VIC,,,,,,,,,,,,,,,,,,,,,,,,,,,,,,151793,41520021,David and Teresa Sheffield as Trustees for the ABC Family Trust,0.00,0.00,0,,,0.00,,0,,,,,,,78928626495,121224211,,,,,,,,,,,,,,,,,,,,,,,,,,,,,,,,,1,0,0,,,,,,,,,,,,,,,,,,,,,,,,,,,,,,
Client 49,,,,,02,67803734,,,CODETEST,00001333,Justin Aniston,,,,,,,,,,,,,,,,,,,,,,,,,,Abacus Computers,,,,,,3788,3788,,2,,,,,,,,Sheffield,David,,I,Mr,,,,,,,,,,,02,97657478,,,,,,,,,Abacus Computers,,,,,,,,,,,,,98 North Street,,,,St Leonards,2110,NSW,,,,,,,,,,,,,,,,,,,,,,,,,,,,,,397674,12244302,Abacus Computers,-2640.05,1778.95,4419,,,1778.95,,3785,,,,,,,78928626495,121224211,,,,,,,,,,,,,,,,,,,,,,,,,,,,,,,,,2,3785,1820,,,,,,,,,,,,,,,,,,,,,,,,,,,,,,
Client 50,,,,,08,83818911,,,CONMOVE,00013210,Alfred Vasquez,,,,,,,,,,,,,,,,,,,,,,,,,,Abbot and Rankine Pty Limited,,,,,,6514,6514,,11,,9365,9365,,2,,,Sheffield,David,,I,Mr,,,,,,,,,,,02,97657478,,,,,,,,,Abbot and Rankine Pty Limited,,,,,,,,,,,,,75 Warne St,,,,WELLINGTON,2820,NSW,,,,,,,,,,,,,,,,,,,,,,,,,,,,,,671490,41973703,Abbot and Rankine Pty Limited,-11590.55,7724.45,19315,,,7724.45,,16435,,,,,,,78928626495,121224211,,,,,,,,,,,558,558,,,,,,,,,,,,,,,,,,,,,13,16435,7901,,,,,,,,,,,,,,,,,,,,,,,,,,,,,,
Client 51,,,,,08,40508687,,,CORPPLANTS,00013000,Victoria Carson-Graham,,,,,,,,,,,,,,,,,,,,,,,,,,ABC Family Trust,,,,,,2567,2567,,1,,,,,,,,Sheffield,David,,I,Mr,,,,,,,,,,,02,97657478,,,,,,,,,ABC Family Trust,,,,,,,,,,,,,85 Joadja Road,,,,MELBOURNE,3000,VIC,,,,,,,,,,,,,,,,,,,,,,,,,,,,,,151793,41520021,David and Teresa Sheffield as Trustees for the ABC Family Trust,-7463.01,11522.99,18986,,,11522.99,,24517,,,,,,,78928626495,121224211,,,,,,,,,,,21952,21952,,,,,,,,,,,,,,,,,,,,,,24517,11786,,,,,,,,,,,,,,,,,,,,,,,,,,,,,,
Client 52,,,,,02,87873312,,,CORRLTD,00013210,Burrows Accounting Partners,,,,,,,,,,,,,,,,,,,,,,,,,,Abacus Computers,,,,,,,,,,,3235,3235,,2,,,Sheffield,David,,I,Mr,,,,,,,,,,,02,97657478,,,,,,,,,Abacus Computers,,,,,,,,,,,,,98 North Street,,,,St Leonards,2110,NSW,,,,,,,,,,,,,,,,,,,,,,,,,,,,,,397674,12244302,Abacus Computers,1519.98,1519.98,0,,,1519.98,,3234,,,,,,,78928626495,121224211,,,,,,,,,,,,,,,,,,,,,,,,,,,,,,,,,,3234,1555,,,,,,,,,,,,,,,,,,,,,,,,,,,,,,
Client 53,,,,,08,82869509,,,CREWKERNE,00001333,Justin Aniston,,,,,,,,,,,,,,,,,,,,,,,,,,Abbot and Rankine Pty Limited,,,,,,13796,13796,,2,,13056,13056,,2,,,Sheffield,David,,I,Mr,,,,,,,,,,,02,97657478,,,,,,,,,Abbot and Rankine Pty Limited,,,,,,,,,,,,,75 Warne St,,,,WELLINGTON,2820,NSW,,,,,,,,,,,,,,,,,,,,,,,,,,,,,,671490,41973703,Abbot and Rankine Pty Limited,2445.97,12619.97,10174,,,12619.97,,26851,,,,,,,78928626495,121224211,,,,,,,,,,,,,,,,,,,,,,,,,,,,,,,,,4,26851,12908,,,,,,,,,,,,,,,,,,,,,,,,,,,,,,
Client 54,,,,,08,40725904,,,CURLYSTEEL,00013021,DEPK,,,,,,,,,,,,,,,,,,,,,,,,,,ABC Family Trust,,,,,,20845,20845,,5,,,,,,,,Sheffield,David,,I,Mr,,,,,,,,,,,02,97657478,,,,,,,,,ABC Family Trust,,,,,,,,,,,,,85 Joadja Road,,,,MELBOURNE,3000,VIC,,,,,,,,,,,,,,,,,,,,,,,,,,,,,,151793,41520021,David and Teresa Sheffield as Trustees for the ABC Family Trust,9965.41,9965.41,0,,,9965.41,,21203,,,,,,,78928626495,121224211,,,,,,,,,,,359,359,,,,,,,,,,,,,,,,,,,,,5,21203,10193,,,,,,,,,,,,,,,,,,,,,,,,,,,,,,
Client 55,,,,,02,93387650,,,DARNELLS,00013000,Rachelle N. Stein,,,,,,,,,,,,,,,,,,,,,,,,,,Abacus Computers,,,,,,548,0,548,2,,7106,0,7106,1,,,Sheffield,David,,I,Mr,,,,,,,,,,,02,97657478,,,,,,,,,Abacus Computers,,,,,,,,,,,,,98 North Street,,,,St Leonards,2110,NSW,,,,,,,,,,,,,,,,,,,,,,,,,1241,0,1241,,,397674,12244302,Abacus Computers,0.00,0.00,0,,,0.00,,0,,,,,,,78928626495,121224211,,,,,,,,,,,,,,,,,,,,,,,,,,,,,,,,,2,0,0,,,,,,,,,,,,,,,,,,,,,,,,,,,,,,
Client 56,,,,,08,82253450,,,DAVIDSK,00013210,Gold Medal Accounting,,,,,,,,,,,,,,,,,,,,,,,,,,Abbot and Rankine Pty Limited,,2032,2032,,,,,,,,,,,,,,Sheffield,David,,I,Mr,,,,,,,,,,,02,97657478,,,,,,,,,Abbot and Rankine Pty Limited,,,,,,,,,,,,,75 Warne St,,,,WELLINGTON,2820,NSW,,,,,,,,,,,,,,,,,,,,,,,,,,,,,,671490,41973703,Abbot and Rankine Pty Limited,2576.07,2576.07,0,,,2576.07,,5481,,,,,,,78928626495,121224211,,,,,,,,,,,3450,3450,,,,,,,,,,,,,,,,,,,,,,5481,2635,,,,,,,,,,,,,,,,,,,,,,,,,,,,,,
Client 57,,,,,08,40962467,,,DAVISCO,00013000,Victoria Carson-Graham,,,,,,,,,,,,,,,,,,,,,,,,,,ABC Family Trust,,,,,,14222,14222,,2,,,,,,,,Sheffield,David,,I,Mr,,,,,,,,,,,02,97657478,,,,,,,,,ABC Family Trust,,,,,,,,,,,,,85 Joadja Road,,,,MELBOURNE,3000,VIC,,,,,,,,,,,,,,,,,,,,,,,,,,,,,,151793,41520021,David and Teresa Sheffield as Trustees for the ABC Family Trust,6683.40,6683.40,0,,,6683.40,,14220,,,,,,,78928626495,121224211,,,,,,,,,,,,,,,,,,,,,,,,,,,,,,,,,2,14220,6836,,,,,,,,,,,,,,,,,,,,,,,,,,,,,,
Client 58,,,,,02,90484436,,,DEFIANTPAP,00001333,Justin Aniston,,,,,,,,,,,,,,,,,,,,,,,,,,Abacus Computers,,,,,,5760,5760,,2,,,,,,,,Sheffield,David,,I,Mr,,,,,,,,,,,02,97657478,,,,,,,,,Abacus Computers,,,,,,,,,,,,,98 North Street,,,,St Leonards,2110,NSW,,,,,,,,,,,,,,,,,,,,,,,,,,,,,,397674,12244302,Abacus Computers,2705.79,2705.79,0,,,2705.79,,5757,,,,,,,78928626495,121224211,,,,,,,,,,,,,,,,,,,,,,,,,,,,,,,,,2,5757,2768,,,,,,,,,,,,,,,,,,,,,,,,,,,,,,
Client 59,,,,,08,67803734,,,DEFTLYLTD,00001333,Justin Aniston,,,,,,,,,,,,,,,,,,,,,,,,,,Abbot and Rankine Pty Limited,,,,,,4665,4665,,1,,,,,,,,Sheffield,David,,I,Mr,,,,,,,,,,,02,97657478,,,,,,,,,Abbot and Rankine Pty Limited,,,,,,,,,,,,,75 Warne St,,,,WELLINGTON,2820,NSW,,,,,,,,,,,,,,,,,,,,,,,,,,,,,,671490,41973703,Abbot and Rankine Pty Limited,2191.61,2191.61,0,,,2191.61,,4663,,,,,,,78928626495,121224211,,,,,,,,,,,,,,,,,,,,,,,,,,,,,,,,,1,4663,2242,,,,,,,,,,,,,,,,,,,,,,,,,,,,,,
Client 60,,,,,08,83818911,,,DEMCOPA,00013210,Alfred Vasquez,,,,,,,,,,,,,,,,,,,,,,,,,,ABC Family Trust,,,,,,,,,,,21495,12383,9112,2,,,Sheffield,David,,I,Mr,,,,,,,,,,,02,97657478,,,,,,,,,ABC Family Trust,,,,,,,,,,,,,85 Joadja Road,,,,MELBOURNE,3000,VIC,,,,,,,,,,,,,,,,,,,,,,,,,,,,,,151793,41520021,David and Teresa Sheffield as Trustees for the ABC Family Trust,-38608.93,11976.07,50585,,,11976.07,,12381,13100,13100,13100,,3,,78928626495,121224211,,,,,,,,,,,,,,,,,,,,,,,,,,,,,,,,,5,25481,5952,6943,,,,,,,,,,,,,,,,,,,,,,,,,,,,,
Client 61,,,,,02,40508687,,,DEMCOLH,00013000,Victoria Carson-Graham,,,,,,,,,,,,,,,,,,,,,,,,,,Abacus Computers,,,,,,,,,,,3830,0,3830,1,,,Sheffield,David,,I,Mr,,,,,,,,,,,02,97657478,,,,,,,,,Abacus Computers,,,,,,,,,,,,,98 North Street,,,,St Leonards,2110,NSW,,,,,,,,,,,,,,,,,,,,,,,,,,,,,,397674,12244302,Abacus Computers,287.17,287.17,0,,,287.17,,611,,,,,,,78928626495,121224211,,,,,,,,,,,613,613,,,,,,,,,,,,,,,,,,,,,1,611,294,,,,,,,,,,,,,,,,,,,,,,,,,,,,,,
Client 62,,,,,08,87873312,,,DEMCOAL,00013210,Burrows Accounting Partners,,,,,,,,,,,,,,,,,,,,,,,,,,Abbot and Rankine Pty Limited,,,,,,,,,,,66157,0,66157,16,,,Sheffield,David,,I,Mr,,,,,,,,,,,02,97657478,,,,,,,,,Abbot and Rankine Pty Limited,,,,,,,,,,,,,75 Warne St,,,,WELLINGTON,2820,NSW,,,,,,,,,,,,,,,,,,,,,,,,,83300,6395,76905,,,671490,41973703,Abbot and Rankine Pty Limited,3005.18,3005.18,0,,,3005.18,,,6394,,,,,,78928626495,121224211,,,,,,,,,,,,,,,,,,,,,,,,,,,,,,,,,29,6394,,3389,,,,,,,,,,,,,,,,,,,,,,,,,,,,,
Client 63,,,,,08,82869509,,,DEMCOSL,00001333,Justin Aniston,,,,,,,,,,,,,,,,,,,,,,,,,,ABC Family Trust,,2622,2622,,,,,,,,,,,,,,Sheffield,David,,I,Mr,,,,,,,,,,,02,97657478,,,,,,,,,ABC Family Trust,,,,,,,,,,,,,85 Joadja Road,,,,MELBOURNE,3000,VIC,,,,,,,,,,,,,,,,,,,,,,,,,,,,,,151793,41520021,David and Teresa Sheffield as Trustees for the ABC Family Trust,1231.87,1231.87,0,,,1231.87,,2621,,,,,,,78928626495,121224211,,,,,,,,,,,,,,,,,,,,,,,,,,,,,,,,,,2621,1260,,,,,,,,,,,,,,,,,,,,,,,,,,,,,,
Client 64,,,,,02,40725904,,,DEMCOFAMTR,00013021,DEPK,,,,,,,,,,,,,,,,,,,,,,,,,,Abacus Computers,,,,,,4743,4743,,3,,6807,1047,5760,1,,,Sheffield,David,,I,Mr,,,,,,,,,,,02,97657478,,,,,,,,,Abacus Computers,,,,,,,,,,,,,98 North Street,,,,St Leonards,2110,NSW,,,,,,,,,,,,,,,,,,,,,,,,,,,,,,397674,12244302,Abacus Computers,2720.83,2720.83,0,,,2720.83,,5789,,,,,,,78928626495,121224211,,,,,,,,,,,,,,,,,,,,,,,,,,,,,,,,,,5789,2783,,,,,,,,,,,,,,,,,,,,,,,,,,,,,,
Client 65,,,,,08,93387650,,,DEMCOPTY,00013000,Rachelle N. Stein,,,,,,,,,,,,,,,,,,,,,,,,,,Abbot and Rankine Pty Limited,,,,,,,,,,,29245,8579,20666,8,,,Sheffield,David,,I,Mr,,,,,,,,,,,02,97657478,,,,,,,,,Abbot and Rankine Pty Limited,,,,,,,,,,,,,75 Warne St,,,,WELLINGTON,2820,NSW,,,,,,,,,,,,,,,,,,,,,,,,,,,,,,671490,41973703,Abbot and Rankine Pty Limited,-10774.34,13713.66,24488,,,13713.66,,29178,,,,,,,78928626495,121224211,,,,,,,,,,,19761,19761,,839,839,,,,,,,,,,,,,,,,,,,29178,14027,,,,,,,,,,,,,,,,,,,,,,,,,,,,,,
Client 66,,,,,08,82253450,,,DERMATIC,00013210,Gold Medal Accounting,,,,,,,,,,,,,,,,,,,,,,,,,,ABC Family Trust,,3800,3800,,,,,,,,,,,,,,Sheffield,David,,I,Mr,,,,,,,,,,,02,97657478,,,,,,,,,ABC Family Trust,,,,,,,,,,,,,85 Joadja Road,,,,MELBOURNE,3000,VIC,,,,,,,,,,,,,,,,,,,,,,,,,,,,,,151793,41520021,David and Teresa Sheffield as Trustees for the ABC Family Trust,-3305.94,1785.06,5091,,,1785.06,,2849,949,,,,,,78928626495,121224211,,,,,,,,,,,,,,,,,,,,,,,,,,,,,,,,,2,3798,1370,503,,,,,,,,,,,,,,,,,,,,,,,,,,,,,
Client 67,,,,,02,40962467,,,DERVSUPP,00013000,Victoria Carson-Graham,,,,,,,,,,,,,,,,,,,,,,,,,,Abacus Computers,,,,,,,,,,,9664,0,9664,1,,,Sheffield,David,,I,Mr,,,,,,,,,,,02,97657478,,,,,,,,,Abacus Computers,,,,,,,,,,,,,98 North Street,,,,St Leonards,2110,NSW,,,,,,,,,,,,,,,,,,,,,,,,,,,,,,397674,12244302,Abacus Computers,0.00,0.00,0,,,0.00,,0,,,,,,,78928626495,121224211,,,,,,,,,,,,,,,,,,,,,,,,,,,,,,,,,1,0,0,,,,,,,,,,,,,,,,,,,,,,,,,,,,,,
Client 68,,,,,08,90484436,,,DEVELOPSYS,00001333,Justin Aniston,,,,,,,,,,,,,,,,,,,,,,,,,,Abbot and Rankine Pty Limited,,6156,6156,,,7615,7615,,2,,,,,,,,Sheffield,David,,I,Mr,,,,,,,,,,,02,97657478,,,,,,,,,Abbot and Rankine Pty Limited,,,,,,,,,,,,,75 Warne St,,,,WELLINGTON,2820,NSW,,,,,,,,,,,,,,,,,,,,,,,,,,,,,,671490,41973703,Abbot and Rankine Pty Limited,-1868.77,7947.23,9816,,,7947.23,,16909,,,,,,,78928626495,121224211,3141,3141,,,,,,,,,,,,,,,,,,,,,,,,,,,,,,,,16909,8129,,,,,,,,,,,,,,,,,,,,,,,,,,,,,,
Client 69,,,,,08,67803734,,,DHLATKINS,00001333,Justin Aniston,,,,,,,,,,,,,,,,,,,,,,,,,,ABC Family Trust,,,,,,,,,,,137492,56331,81161,74,,,Sheffield,David,,I,Mr,,,,,,,,,,,02,97657478,,,176530,0,5,176530,,,ABC Family Trust,,,,,,,,,,,,,85 Joadja Road,,,,MELBOURNE,3000,VIC,,,,,,,,,,,,,,,,,,,,,,,,,503967,503967,,,,151793,41520021,David and Teresa Sheffield as Trustees for the ABC Family Trust,-118308.65,195283.35,313592,TRUE,39057,339492.28,144208.93,164547,557777,,,,,,78928626495,121224211,,,,,,,,,,,,,,162027,162027,,,,,,,,,,,,,,,,,,,722324,79102,295621,,,,,,,,,,,,,,,,,,,,,,,,,,,,,
Client 70,,,,,02,83818911,,,DODDSA,00013210,Alfred Vasquez,,,,,,,,,,,,,,,,,,,,,,,,,,Abacus Computers,,,,,,,,,,,,,,,,,Sheffield,David,,I,Mr,,,,,,,,,,,02,97657478,,,,,,,,,Abacus Computers,,,,,,,,,,,,,98 North Street,,,,St Leonards,2110,NSW,,,,,,,,,,,,,,,,,,,,,,,,,11563,11563,,,,397674,12244302,Abacus Computers,-11409.64,12590.36,24000,,,12590.36,,13885,12903,,,,,,78928626495,121224211,,,,,,,,,,,15228,15228,,,,,,,,,,,,,,,,,,,,,,26788,6675,6839,,,,,,,,,,,,,,,,,,,,,,,,,,,,,
Client 71,,,,,08,40508687,,,DODDS,00013000,Victoria Carson-Graham,,,,,,,,,,,,,,,,,,,,,,,,,,Abbot and Rankine Pty Limited,,,,,,3754,3754,,5,,376272,25887,350385,74,,,Sheffield,David,,I,Mr,,,,,,,,,,,02,97657478,,,,,,,,,Abbot and Rankine Pty Limited,,,,,,,,,,,,,75 Warne St,,,,WELLINGTON,2820,NSW,,,,,,,,,,,,,,,,,,,,,,,,,167411,167411,,,,671490,41973703,Abbot and Rankine Pty Limited,-103894.79,107556.21,211451,,,107556.21,,76694,152149,65440,65440,,5,,78928626495,121224211,,,,,,,,,,,,,,35593,31492,4101,,,,,,,,,,300,300,,,,,,217,228843,36869,80639,,,,,,,,,,,,,,,,,,,,,,,,,,,,,
Client 72,,,,,08,87873312,,,DYSONLTD,00013210,Burrows Accounting Partners,,,,,,,,,,,,,,,,,,,,,,,,,,ABC Family Trust,,,,,,,,,,,137875,39074,98801,33,,,Sheffield,David,,I,Mr,,,,,,,,,,,02,97657478,,,,,,,,,ABC Family Trust,,,,,,,,,,,,,85 Joadja Road,,,,MELBOURNE,3000,VIC,,,,,,,,,,,,,,,,,,,,,,,,,,,,,,151793,41520021,David and Teresa Sheffield as Trustees for the ABC Family Trust,-91039.10,57372.90,148412,,,57372.90,,119012,3058,,,,,,78928626495,121224211,,,,,,,,,,,,,,45032,45032,,,,,,,,,,,37965,37965,,,,,,,122070,57212,1621,,,,,,,,,,,,,,,,,,,,,,,,,,,,,
Client 73,,,,,02,82869509,,,EDWINS,00001333,Justin Aniston,,,,,,,,,,,,,,,,,,,,,,,,,,Abacus Computers,,,,,,25503,25503,,6,,36637,36637,,14,,,Sheffield,David,,I,Mr,,,,,,,,,,,02,97657478,,,,,,,,,Abacus Computers,,,,,,,,,,,,,98 North Street,,,,St Leonards,2110,NSW,,,,,,,,,,,,,,,,,,,,,,,,,9585,9585,,,,397674,12244302,Abacus Computers,-27853.05,35007.95,62861,,,35007.95,,74485,,,,,,,78928626495,121224211,,,,,,,,,,,,,,,,,,,,,,,,,,,,,,,,,,74485,35807,,,,,,,,,,,,,,,,,,,,,,,,,,,,,,
Client 74,,,,,08,40725904,,,ESTABARRIV,00013021,DEPK,,,,,,,,,,,,,,,,,,,,,,,,,,Abbot and Rankine Pty Limited,,,,,,9287,0,9287,1,,,,,,,,Sheffield,David,,I,Mr,,,,,,,,,,,02,97657478,,,,,,,,,Abbot and Rankine Pty Limited,,,,,,,,,,,,,75 Warne St,,,,WELLINGTON,2820,NSW,,,,,,,,,,,,,,,,,,,,,,,,,,,,,,671490,41973703,Abbot and Rankine Pty Limited,1143.51,1143.51,0,,,1143.51,,2433,,,,,,,78928626495,121224211,,,,,,,,,,,2434,2434,,,,,,,,,,,,,,,,,,,,,1,2433,1170,,,,,,,,,,,,,,,,,,,,,,,,,,,,,,
Client 75,,,,,08,93387650,,,ESTALLOC,00013000,Rachelle N. Stein,,,,,,,,,,,,,,,,,,,,,,,,,,ABC Family Trust,,,,,,5032,1669,3363,3,,,,,,,,Sheffield,David,,I,Mr,,,,,,,,,,,02,97657478,,,,,,,,,ABC Family Trust,,,,,,,,,,,,,85 Joadja Road,,,,MELBOURNE,3000,VIC,,,,,,,,,,,,,,,,,,,,,,,,,,,,,,151793,41520021,David and Teresa Sheffield as Trustees for the ABC Family Trust,-915.04,783.96,1699,,,783.96,,1668,,,,,,,78928626495,121224211,,,,,,,,,,,,,,,,,,,,,,,,,,,,,,,,,,1668,802,,,,,,,,,,,,,,,,,,,,,,,,,,,,,,
Client 76,,,,,02,82253450,,,ESTMAINT,00013210,Gold Medal Accounting,,,,,,,,,,,,,,,,,,,,,,,,,,Abacus Computers,,,,,,,,,,,,,,,,,Sheffield,David,,I,Mr,,,,,,,,,,,02,97657478,,,,,,,,,Abacus Computers,,,,,,,,,,,,,98 North Street,,,,St Leonards,2110,NSW,,,,,,,,,,,,,,,,,,,,,,,,,,,,,,397674,12244302,Abacus Computers,-3940.53,4935.47,8876,,,4935.47,,,10501,10502,10502,,1,,78928626495,121224211,,,,,,,,,,,,,,,,,,,,,,,,,,,,,,,,,2,10501,,5566,,,,,,,,,,,,,,,,,,,,,,,,,,,,,
Client 77,,,,,08,40962467,,,EVANSRG,00013000,Victoria Carson-Graham,,,,,,,,,,,,,,,,,,,,,,,,,,Abbot and Rankine Pty Limited,,,,,,,,,,,6137,6137,,1,,,Sheffield,David,,I,Mr,,,,,,,,,,,02,97657478,,,,,,,,,Abbot and Rankine Pty Limited,,,,,,,,,,,,,75 Warne St,,,,WELLINGTON,2820,NSW,,,,,,,,,,,,,,,,,,,,,,,,,6377,6377,,,,671490,41973703,Abbot and Rankine Pty Limited,-4162.89,5881.11,10044,,,5881.11,,8857,3656,,,,,,78928626495,121224211,,,,,,,,,,,,,,,,,,,,,,,,,,,,,,,,,2,12513,4258,1938,,,,,,,,,,,,,,,,,,,,,,,,,,,,,
Client 78,,,,,08,90484436,,,EVANSJL,00001333,Justin Aniston,,,,,,,,,,,,,,,,,,,,,,,,,,ABC Family Trust,,,,,,7502,862,6640,2,,39936,36,39900,9,,,Sheffield,David,,I,Mr,,,,,,,,,,,02,97657478,,,,,,,,,ABC Family Trust,,,,,,,,,,,,,85 Joadja Road,,,,MELBOURNE,3000,VIC,,,,,,,,,,,,,,,,,,,,,,,,,8728,2110,,6618,,151793,41520021,David and Teresa Sheffield as Trustees for the ABC Family Trust,-2031.71,1413.29,3445,,,1413.29,,3007,,,,,,,78928626495,121224211,,,,,,,,,,,,,,,,,,,,,,,,,,,,,,,,,14,3007,1446,,,,,,,,,,,,,,,,,,,,,,,,,,,,,,
Client 79,,,,,02,67803734,,,FELDMAN,00001333,Justin Aniston,,,,,,,,,,,,,,,,,,,,,,,,,,Abacus Computers,,,,,,,,,,,,,,,,,Sheffield,David,,I,Mr,,,,,,,,,,,02,97657478,,,,,,,,,Abacus Computers,,,,,,,,,,,,,98 North Street,,,,St Leonards,2110,NSW,,,,,,,,,,,,,,,,,,,,,,,,,1507,301,,1206,,397674,12244302,Abacus Computers,140.53,140.53,0,,,140.53,,299,,,,,,,78928626495,121224211,,,,,,,,,,,,,,,,,,,,,,,,,,,,,,,,,2,299,144,,,,,,,,,,,,,,,,,,,,,,,,,,,,,,
Client 80,,,,,08,83818911,,,FIELDTEST,00013210,Alfred Vasquez,,,,,,,,,,,,,,,,,,,,,,,,,,Abbot and Rankine Pty Limited,,,,,,,,,,,,,,,,,Sheffield,David,,I,Mr,,,,,,,,,,,02,97657478,,,,,,,,,Abbot and Rankine Pty Limited,,,,,,,,,,,,,75 Warne St,,,,WELLINGTON,2820,NSW,,,,,,,,,,,,,,,,,,,,,,,,,,,,,,671490,41973703,Abbot and Rankine Pty Limited,323.36,323.36,0,,,323.36,,,688,,,,,,78928626495,121224211,,,,688,688,,1,,,,,,,,,,,,,,,,,,,,,,,,,,,688,,365,,,,,,,,,,,,,,,,,,,,,,,,,,,,,
Client 81,,,,,08,40508687,,,FISHELECT,00013000,Victoria Carson-Graham,,,,,,,,,,,,,,,,,,,,,,,,,,ABC Family Trust,,,,,,,,,,,29246,840,28406,6,,,Sheffield,David,,I,Mr,,,,,,,,,,,02,97657478,,,,,,,,,ABC Family Trust,,,,,,,,,,,,,85 Joadja Road,,,,MELBOURNE,3000,VIC,,,,,,,,,,,,,,,,,,,,,,,,,,,,,,151793,41520021,David and Teresa Sheffield as Trustees for the ABC Family Trust,-8803.38,5755.62,14559,,,5755.62,,12246,,,,,,,78928626495,121224211,,,,,,,,,,,,,,11408,11408,,,,,,,,,,,,,,,,,,,12246,5887,,,,,,,,,,,,,,,,,,,,,,,,,,,,,,
Client 82,,,,,02,87873312,,,FRANKWATER,00013210,Burrows Accounting Partners,,,,,,,,,,,,,,,,,,,,,,,,,,Abacus Computers,,,,,,,,,,,118640,39662,78978,81,,,Sheffield,David,,I,Mr,,,,,,,,,,,02,97657478,,,,,,,,,Abacus Computers,,,,,,,,,,,,,98 North Street,,,,St Leonards,2110,NSW,,,,,,,,,,,,,,,,,,,,,,,,,,,,,,397674,12244302,Abacus Computers,-32874.79,22533.21,55408,,,22533.21,,40940,7003,,,,,,78928626495,121224211,,,,,,,,,,,,,,,,,,,,,,,,,,8283,8283,,,,,,,47943,19681,3712,,,,,,,,,,,,,,,,,,,,,,,,,,,,,
Client 83,,,,,08,82869509,,,FRANKSTT,00001333,Justin Aniston,,,,,,,,,,,,,,,,,,,,,,,,,,Abbot and Rankine Pty Limited,,,,,,,,,,,,,,,,,Sheffield,David,,I,Mr,,,,,,,,,,,02,97657478,,,,,,,,,Abbot and Rankine Pty Limited,,,,,,,,,,,,,75 Warne St,,,,WELLINGTON,2820,NSW,,,,,,,,,,,,,,,,,,,,,,,,,,,,,,671490,41973703,Abbot and Rankine Pty Limited,1955.63,2363.63,408,,,2363.63,,5029,,,,,,,78928626495,121224211,,,,,,,,,,,3999,3999,,,,,,,,,,,,,,1031,1031,,,,,,,5029,2418,,,,,,,,,,,,,,,,,,,,,,,,,,,,,,
Cient 84,,,,,08,40725904,,,FRANKPUB,00013021,DEPK,,,,,,,,,,,,,,,,,,,,,,,,,,ABC Family Trust,,,,,,17024,0,17024,,,,,,,,,Sheffield,David,,I,Mr,,,,,,,,,,,02,97657478,,,,,,,,,ABC Family Trust,,,,,,,,,,,,,85 Joadja Road,,,,MELBOURNE,3000,VIC,,,,,,,,,,,,,,,,,,,,,,,,,11795,0,11795,,,151793,41520021,David and Teresa Sheffield as Trustees for the ABC Family Trust,0.00,0.00,0,,,0.00,,0,0,,,,,,78928626495,121224211,,,,,,,,,,,,,,,,,,,,,,,,,,,,,,,,,1,0,0,0,,,,,,,,,,,,,,,,,,,,,,,,,,,,,
Client 85,,,,,02,93387650,,,FREEDTRAV,00013000,Rachelle N. Stein,,,,,,,,,,,,,,,,,,,,,,,,,,Abacus Computers,,34656,34656,,,40878,23744,17134,12,,11810,11810,,2,,,Sheffield,David,,I,Mr,,,,,,,,,,,02,97657478,,,,,,,,,Abacus Computers,,,,,,,,,,,,,98 North Street,,,,St Leonards,2110,NSW,,,,,,,,,,,,,,,,,,,,,,,,,,,,,,397674,12244302,Abacus Computers,-54804.24,49212.76,104017,,,49212.76,,104708,,,,,,,78928626495,121224211,,,,,,,,,,,34499,34499,,,,,,,,,,,,,,,,,,,,,,104708,50336,,,,,,,,,,,,,,,,,,,,,,,,,,,,,,
Client 86,,,,,08,82253450,,,FREEMANS,00013210,Gold Medal Accounting,,,,,,,,,,,,,,,,,,,,,,,,,,Abbot and Rankine Pty Limited,,6622,6622,,,,,,,,,,,,,,Sheffield,David,,I,Mr,,,,,,,,,,,02,97657478,,,,,,,,,Abbot and Rankine Pty Limited,,,,,,,,,,,,,75 Warne St,,,,WELLINGTON,2820,NSW,,,,,,,,,,,,,,,,,,,,,,,,,53656,53656,,,,671490,41973703,Abbot and Rankine Pty Limited,-10130.28,28329.72,38460,,,28329.72,,9714,50562,,,,,,78928626495,121224211,,,,,,,,,,,,,,,,,,,,,,,,,,,,,,,,,,60276,4670,26798,,,,,,,,,,,,,,,,,,,,,,,,,,,,,
Client 87,,,,,08,40962467,,,FRISCOSMSH,00013000,Victoria Carson-Graham,,,,,,,,,,,,,,,,,,,,,,,,,,ABC Family Trust,,,,,,,,,,,19331,19331,,3,,,Sheffield,David,,I,Mr,,,,,,,,,,,02,97657478,,,546,546,,0,,,ABC Family Trust,,,,,,,,,,,,,85 Joadja Road,,,,MELBOURNE,3000,VIC,,,,,,,,,,,,,,,,,,,,,,,,,11905,11905,,,,151793,41520021,David and Teresa Sheffield as Trustees for the ABC Family Trust,-30427.17,25891.83,56319,,,25891.83,,53344,1745,,,,,,78928626495,121224211,,,,,,,,,,,23307,23307,,,,,,,,,,,,,,,,,,,,,,55089,25644,925,,,,,,,,,,,,,,,,,,,,,,,,,,,,,
Client 88,,,,,02,90484436,,,FROMECAST,00001333,Justin Aniston,,,,,,,,,,,,,,,,,,,,,,,,,,Abacus Computers,,,,,,6548,0,6548,1,,,,,,,,Sheffield,David,,I,Mr,,,,,,,,,,,02,97657478,,,,,,,,,Abacus Computers,,,,,,,,,,,,,98 North Street,,,,St Leonards,2110,NSW,,,,,,,,,,,,,,,,,,,,,,,,,,,,,,397674,12244302,Abacus Computers,0.00,0.00,0,,,0.00,,0,0,,,,,,78928626495,121224211,,,,,,,,,,,,,,,,,,,,,,,,,,,,,,,,,1,0,0,0,,,,,,,,,,,,,,,,,,,,,,,,,,,,,
Client 89,,,,,08,67803734,,,FUTURESYS,00001333,Justin Aniston,,,,,,,,,,,,,,,,,,,,,,,,,,Abbot and Rankine Pty Limited,,5016,5016,,,10028,7325,2703,2,,8153,0,8153,2,,,Sheffield,David,,I,Mr,,,,,,,,,,,02,97657478,,,,,,,,,Abbot and Rankine Pty Limited,,,,,,,,,,,,,75 Warne St,,,,WELLINGTON,2820,NSW,,,,,,,,,,,,,,,,,,,,,,,,,,,,,,671490,41973703,Abbot and Rankine Pty Limited,2811.10,16605.10,13794,,,16605.10,,35330,,,,,,,78928626495,121224211,,,,,,,,,,,22990,22990,,,,,,,,,,,,,,,,,,,,,4,35330,16984,,,,,,,,,,,,,,,,,,,,,,,,,,,,,,
Client 90,,,,,08,83818911,,,GALEAL,00013210,Alfred Vasquez,,,,,,,,,,,,,,,,,,,,,,,,,,ABC Family Trust,,,,,,,,,,,,,,,,,Sheffield,David,,I,Mr,,,,,,,,,,,02,97657478,,,23412,0,1,23412,,,ABC Family Trust,,,,,,,,,,,,,85 Joadja Road,,,,MELBOURNE,3000,VIC,,,,,,,,,,,,,,,,,,,,,,,,,,,,,,151793,41520021,David and Teresa Sheffield as Trustees for the ABC Family Trust,0.00,0.00,0,,,0.00,,0,0,,,,,,78928626495,121224211,,,,,,,,,,,,,,,,,,,,,,,,,,,,,,,,,1,0,0,0,,,,,,,,,,,,,,,,,,,,,,,,,,,,,
Client 91,,,,,02,40508687,,,GARDNERJ,00013000,Victoria Carson-Graham,,,,,,,,,,,,,,,,,,,,,,,,,,Abacus Computers,,1113,1113,,,,,,,,,,,,,,Sheffield,David,,I,Mr,,,,,,,,,,,02,97657478,,,,,,,,,Abacus Computers,,,,,,,,,,,,,98 North Street,,,,St Leonards,2110,NSW,,,,,,,,,,,,,,,,,,,,,,,,,,,,,,397674,12244302,Abacus Computers,-5773.74,5855.26,11629,,,5855.26,,12458,,,,,,,78928626495,121224211,,,,,,,,,,,11346,11346,,,,,,,,,,,,,,,,,,,,,,12458,5989,,,,,,,,,,,,,,,,,,,,,,,,,,,,,,
Client 92,,,,,08,87873312,,,GARDNERS,00013210,Burrows Accounting Partners,,,,,,,,,,,,,,,,,,,,,,,,,,Abbot and Rankine Pty Limited,,,,,,,,,,,272952,272952,,62,,,Sheffield,David,,I,Mr,,,,,,,,,,,02,97657478,,,,,,,,,Abbot and Rankine Pty Limited,,,,,,,,,,,,,75 Warne St,,,,WELLINGTON,2820,NSW,,,,,,,,,,,,,,,,,,,,,,,,,12339679,12339679,,,,671490,41973703,Abbot and Rankine Pty Limited,4804.05,17256.05,12452,,,17256.05,,,,,,,,,78928626495,121224211,,,,,,,,,,,,,,9741,9741,,,,,,,,,,,,,,,,TRUE,36715,,36715,,,,,,,,,,,,,,,,,,,,,,,,,,,,,,,
Client 93,,,,,08,82869509,,,GENFASH,00001333,Justin Aniston,,,,,,,,,,,,,,,,,,,,,,,,,,ABC Family Trust,,,,,,,,,,,247046,33519,213527,95,,,Sheffield,David,,I,Mr,,,,,,,,,,,02,97657478,,,,,,,,,ABC Family Trust,,,,,,,,,,,,,85 Joadja Road,,,,MELBOURNE,3000,VIC,,,,,,,,,,,,,,,,,,,,,,,,,9485274,9485274,,,,151793,41520021,David and Teresa Sheffield as Trustees for the ABC Family Trust,-540.41,23639.59,24180,,,23639.59,,,,,,,,,78928626495,121224211,,,,,,,,,,,,,,,,,,,,,,,,,,789,789,,,,TRUE,50297,782,50297,,,,,,,,,,,,,,,,,,,,,,,,,,,,,,,
Client 94,,,,,02,40725904,,,GLOFPRO,00013021,DEPK,,,,,,,,,,,,,,,,,,,,,,,,,,Abacus Computers,,,,,,765,765,,1,,16576,16576,,4,,,Sheffield,David,,I,Mr,,,,,,,,,,,02,97657478,,,,,,,,,Abacus Computers,,,,,,,,,,,,,98 North Street,,,,St Leonards,2110,NSW,,,,,,,,,,,,,,,,,,,,,,,,,26386,26386,,,,397674,12244302,Abacus Computers,-5005.88,21047.12,26053,TRUE,11761,29618.93,8571.81,36010,27009,,,,,,78928626495,121224211,,,,,,,,,,,18294,18294,,,,,,,,,,,,,,1000,1000,,,,,,,63019,17311,14315,,,,,,,,,,,,,,,,,,,,,,,,,,,,,
Client 95,,,,,08,93387650,,,GRANDDOWEL,00013000,Rachelle N. Stein,,,,,,,,,,,,,,,,,,,,,,,,,,Abbot and Rankine Pty Limited,,,,,,,,,,,88129,88129,,17,,,Sheffield,David,,I,Mr,,,,,,,,,,,02,97657478,,,,,,,,,Abbot and Rankine Pty Limited,,,,,,,,,,,,,75 Warne St,,,,WELLINGTON,2820,NSW,,,,,,,,,,,,,,,,,,,,,,,,,48184,48184,,,,671490,41973703,Abbot and Rankine Pty Limited,-35793.91,44171.09,79965,TRUE,14948,71146.25,26975.16,93960,57415,,,,,,78928626495,121224211,,,,,,,,,,,5832,5832,,20309,9232,,11077,,,,,,,,,,,,,,,,24,151375,45169,30430,,,,,,,,,,,,,,,,,,,,,,,,,,,,,
Client 96,,,,,08,82253450,,,GREATDANES,00013210,Gold Medal Accounting,,,,,,,,10122,266,9856,,,,,,,,,,,,,,,,ABC Family Trust,,,,,,,,,,,17432,17432,,3,,,Sheffield,David,,I,Mr,,,,,,,,,,,02,97657478,,,6803,0,2,6803,,,ABC Family Trust,,,,,,,,,,,,,85 Joadja Road,,,,MELBOURNE,3000,VIC,,,,,,,,,,,,,,,,,,,,,,,,,127439,49439,78000,,,151793,41520021,David and Teresa Sheffield as Trustees for the ABC Family Trust,-46927.50,28616.50,75544,TRUE,2354.79,52858.08,24241.58,21555,90909,24844,24844,,10,,78928626495,121224211,,,,,,,,,,,,,,,,,,,,,,,,,,3896,3896,,,,,,,112464,10362,48182,,,,,,,,,,,,,,,,,,,,,,,,,,,,,
Client 97,,,,,02,40962467,,,GREATMILLS,00013000,Victoria Carson-Graham,,,,,,,,,,,,,,,,,,,,,,,,,,Abacus Computers,,,,,,,,,,,40820,40820,,6,,,Sheffield,David,,I,Mr,,,,,,,,,,,02,97657478,,,,,,,,,Abacus Computers,,,,,,,,,,,,,98 North Street,,,,St Leonards,2110,NSW,,,,,,,,,,,,,,,,,,,,,,,,,498410,498410,,,,397674,12244302,Abacus Computers,-130796.60,153628.40,284425,TRUE,5847.84,290041.23,136412.83,135219,481890,,,,,,78928626495,121224211,,,,,,,,,,,77881,77881,,,,,,,,,,,,,,,,,,,,,45,617109,65003,255401,,,,,,,,,,,,,,,,,,,,,,,,,,,,,
Client 98,,,,,08,90484436,,,GREATWEST,00001333,Justin Aniston,,,,,,,,4914,4914,,,,,,,,,,,,,,,,,Abbot and Rankine Pty Limited,,,,,,,,,,,141904,63568,78336,33,,,Sheffield,David,,I,Mr,,,,,,,,,,,02,97657478,,,,,,,,,Abbot and Rankine Pty Limited,,,,,,,,,,,,,75 Warne St,,,,WELLINGTON,2820,NSW,,,,,,,,,,,,,,,,,,,,,,,,,217422,217422,,,,671490,41973703,Abbot and Rankine Pty Limited,-161686.44,262234.56,423921,TRUE,146700,368881.85,106647.29,111792,673063,27040,27040,,1,,78928626495,121224211,,,,,,,,,,,14802,14802,,439888,439888,,,,,,,,,,,17223,17223,,,,,,81,784855,53741,356722,,,,,,,,,,,,,,,,,,,,,,,,,,,,,
Client 99,,,,,08,67803734,,,GREENEP,00001333,Justin Aniston,,,,,,,,,,,,,,,,,,,,,,,,,,ABC Family Trust,,,,,,,,,,,,,,,,,Sheffield,David,,I,Mr,,,,,,,,,,,02,97657478,,,,,,,,,ABC Family Trust,,,,,,,,,,,,,85 Joadja Road,,,,MELBOURNE,3000,VIC,,,,,,,,,,,,,,,,,,,,,,,,,,,,,,151793,41520021,David and Teresa Sheffield as Trustees for the ABC Family Trust,10505.92,10505.92,0,TRUE,8649,12220.00,1714.08,,26000,26000,26000,,1,,78928626495,121224211,,,,,,,,,,,,,,,,,,,,,,,,,,,,,,,,,1,26000,,13780,,,,,,,,,,,,,,,,,,,,,,,,,,,,,
Client 100,,,,,02,83818911,,,GRIEVES,00013210,Alfred Vasquez,,,,,,,,,,,,,,,,,,,,,,,,,,Abacus Computers,,,,,,,,,,,144935,144935,,41,,,Sheffield,David,,I,Mr,,,,,,,,,,,02,97657478,,,,,,,,,Abacus Computers,,,,,,,,,,,,,98 North Street,,,,St Leonards,2110,NSW,,,,,,,,,,,,,,,,,,,,,,,,,34645,34645,,,,397674,12244302,Abacus Computers,45323.94,45323.94,0,TRUE,2087,85234.97,39911.03,146300,35051,,,,,,78928626495,121224211,,,,,,,,,,,1774,1774,,,,,,,,,,,,,,,,,,,,,,181351,70330,18577,,,,,,,,,,,,,,,,,,,,,,,,,,,,,
Client 100,,,,,08,40508687,,,HAINESCO,00013000,Victoria Carson-Graham,,,,,,,,,,,,,,,,,,,,,,,,,,Abbot and Rankine Pty Limited,,,,,,,,,,,5385,5385,,,,,Sheffield,David,,I,Mr,,,,,,,,,,,02,97657478,,,,,,,,,Abbot and Rankine Pty Limited,,,,,,,,,,,,,75 Warne St,,,,WELLINGTON,2820,NSW,,,,,,,,,,,,,,,,,,,,,,,,,,,,,,671490,41973703,Abbot and Rankine Pty Limited,-4111.37,5888.63,10000,,,5888.63,,12529,,,,,,,78928626495,121224211,,,,,,,,,,,7146,7146,,,,,,,,,,,,,,,,,,,,,,12529,6023,,,,,,,,,,,,,,,,,,,,,,,,,,,,,,
Client 101,,,,,08,87873312,,,HARDINGM,00013210,Burrows Accounting Partners,,,,,,,,,,,,,,,,,,,,,,,,,,ABC Family Trust,,,,,,6493,6493,,2,,8522,5924,2598,4,,,Sheffield,David,,I,Mr,,,,,,,,,,,02,97657478,,,,,,,,,ABC Family Trust,,,,,,,,,,,,,85 Joadja Road,,,,MELBOURNE,3000,VIC,,,,,,,,,,,,,,,,,,,,,,,,,,,,,,151793,41520021,David and Teresa Sheffield as Trustees for the ABC Family Trust,32950.76,32950.76,0,TRUE,,32950.76,,30108,,,,,,,78928626495,121224211,,,,,,,,,,,17693,17693,,,,,,,,,,,,,,,,,,,TRUE,40000,6,70108,14474,,,,,,,,,,,,,,,,,,,,,,,,,,,,,,
Client 102,,,,,02,82869509,,,HARRISTJ,00001333,Justin Aniston,,,,,,,,,,,,,,,,,,,,,,,,,,Abacus Computers,,,,,,311671,59662,252009,323,,602072,236769,365303,213,,,Sheffield,David,,I,Mr,,,,,,,,,,,02,97657478,,,,,,,,,Abacus Computers,,,,,,,,,,,,,98 North Street,,,,St Leonards,2110,NSW,,,,,,,,,,,,,,,,,,,,,,,,,72799,72799,,,,397674,12244302,Abacus Computers,-446598.63,185401.37,632000,,,185401.37,,391424,3047,,,,,,78928626495,121224211,,,,,,,,,,,,,,21462,21462,,,,,,,,,,,,,,,,,,304,394471,188167,1615,,,,,,,,,,,,,,,,,,,,,,,,,,,,,
Client 103,,,,,08,40725904,,,HEELER,00013021,DEPK,,,,,,,,,,,,,,,,,,,,,,,,,,Abbot and Rankine Pty Limited,,,,,,2993,2993,,2,,46388,46388,,10,,,Sheffield,David,,I,Mr,,,,,,,,,,,02,97657478,,,,,,,,,Abbot and Rankine Pty Limited,,,,,,,,,,,,,75 Warne St,,,,WELLINGTON,2820,NSW,,,,,,,,,,,,,,,,,,,,,,,,,150,150,,,,671490,41973703,Abbot and Rankine Pty Limited,-6724.15,35463.85,42188,,,35463.85,,75455,,,,,,,78928626495,121224211,,,,,,,,,,,25925,25925,,,,,,,,,,,,,,,,,,,,,,75455,36273,,,,,,,,,,,,,,,,,,,,,,,,,,,,,,
Client 104,,,,,08,93387650,,,HELLODEV,00013000,Rachelle N. Stein,,,,,,,,,,,,,,,,,,,,,,,,,,ABC Family Trust,,,,,,,,,,,,,,,,,Sheffield,David,,I,Mr,,,,,,,,,,,02,97657478,,,,,,,,,ABC Family Trust,,,,,,,,,,,,,85 Joadja Road,,,,MELBOURNE,3000,VIC,,,,,,,,,,,,,,,,,,,,,,,,,27986,27986,,,,151793,41520021,David and Teresa Sheffield as Trustees for the ABC Family Trust,8477.42,13153.42,4676,,,13153.42,,,27986,,,,,,78928626495,121224211,,,,,,,,,,,,,,,,,,,,,,,,,,,,,,,,,14,27986,,14833,,,,,,,,,,,,,,,,,,,,,,,,,,,,,
Client 105,,,,,02,82253450,,,HELSINKI,00013210,Gold Medal Accounting,,,,,,,,,,,,,,,,,,,,,,,,,,Abacus Computers,,,,,,,,,,,,,,,,,Sheffield,David,,I,Mr,,,,,,,,,,,02,97657478,,,,,,,,,Abacus Computers,,,,,,,,,,,,,98 North Street,,,,St Leonards,2110,NSW,,,,,,,,,,,,,,,,,,,,,,,,,,,,,,397674,12244302,Abacus Computers,378.35,378.35,0,,,378.35,,805,,,,,,,78928626495,121224211,807,807,,,,,,,,,,,,,,,,,,,,,,,,,,,,,,,,805,387,,,,,,,,,,,,,,,,,,,,,,,,,,,,,,
Client 106,,,,,08,40962467,,,HENDERJ,00013000,Victoria Carson-Graham,,,,,,,,,,,,,,,,,,,,,,,,,,Abbot and Rankine Pty Limited,,,,,,,,,,,,,,,,,Sheffield,David,,I,Mr,,,,,,,,,,,02,97657478,,,,,,,,,Abbot and Rankine Pty Limited,,,,,,,,,,,,,75 Warne St,,,,WELLINGTON,2820,NSW,,,,,,,,,,,,,,,,,,,,,,,,,4264,2747,1517,,,671490,41973703,Abbot and Rankine Pty Limited,1291.09,1291.09,0,,,1291.09,,2747,,,,,,,78928626495,121224211,,,,,,,,,,,,,,,,,,,,,,,,,,,,,,,,,,2747,1321,,,,,,,,,,,,,,,,,,,,,,,,,,,,,,
Client 107,,,,,08,90484436,,,HENDERR,00001333,Justin Aniston,,,,,,,,16060,9575,,6485,,,,,,,,,,,,,,,ABC Family Trust,,,,,,,,,,,,,,,,,Sheffield,David,,I,Mr,,,,,,,,,,,02,97657478,,,,,,,,,ABC Family Trust,,,,,,,,,,,,,85 Joadja Road,,,,MELBOURNE,3000,VIC,,,,,,,,,,,,,,,,,,,,,,,,,,,,,,151793,41520021,David and Teresa Sheffield as Trustees for the ABC Family Trust,-11567.75,4500.25,16068,,,4500.25,,,9575,,,,,,78928626495,121224211,,,,,,,,,,,,,,,,,,,,,,,,,,,,,,,,,,9575,,5075,,,,,,,,,,,,,,,,,,,,,,,,,,,,,
Client 108,,,,,02,67803734,,,HERITHOME,00001333,Justin Aniston,,,,,,,,,,,,,,,,,,,,,,,,,,Abacus Computers,,,,,,,,,,,99874,99874,,17,,,Sheffield,David,,I,Mr,,,,,,,,,,,02,97657478,,,,,,,,,Abacus Computers,,,,,,,,,,,,,98 North Street,,,,St Leonards,2110,NSW,,,,,,,,,,,,,,,,,,,,,,,,,7568,7568,,,,397674,12244302,Abacus Computers,-61200.85,61215.15,122416,,,61215.15,,130245,,,,,,,78928626495,121224211,,,,,,,,,,,22805,22805,,,,,,,,,,,,,,,,,,,,,,130245,62612,,,,,,,,,,,,,,,,,,,,,,,,,,,,,,
Client 109,,,,,08,83818911,,,HWTANK,00013210,Alfred Vasquez,,,,,,,,,,,,,,,,,,,,,,,,,,Abbot and Rankine Pty Limited,,,,,,,,,,,272417,272417,,368,,,Sheffield,David,,I,Mr,,,,,,,,,,,02,97657478,,,,,,,,,Abbot and Rankine Pty Limited,,,,,,,,,,,,,75 Warne St,,,,WELLINGTON,2820,NSW,,,,,,,,,,,,,,,,,,,,,,,,,,,,,,671490,41973703,Abbot and Rankine Pty Limited,-185222.94,148190.06,333413,,,148190.06,,259702,55596,,,,,,78928626495,121224211,,,,,,,,,,,1696,1696,,,,,,,,,,,,,,62896,62896,,,,,,,315298,124845,29466,,,,,,,,,,,,,,,,,,,,,,,,,,,,,
Client 110,,,,,08,40508687,,,JOHNSONA,00013000,Victoria Carson-Graham,,,,,,,,,,,,,,,,,,,,,,,,,,ABC Family Trust,,10032,2508,7524,,,,,,,,,,,,,Sheffield,David,,I,Mr,,,,,,,,,,,02,97657478,,,,,,,,,ABC Family Trust,,,,,,,,,,,,,85 Joadja Road,,,,MELBOURNE,3000,VIC,,,,,,,,,,,,,,,,,,,,,,,,,,,,,,151793,41520021,David and Teresa Sheffield as Trustees for the ABC Family Trust,1882.82,1882.82,0,,,1882.82,,2506,1500,,,,,,78928626495,121224211,,,,,,,,,,,,,,1500,1500,,,,,,,,,,,,,,,,,,,4006,1205,795,,,,,,,,,,,,,,,,,,,,,,,,,,,,,
Client 111,,,,,02,87873312,,,JONESJJ,00013210,Burrows Accounting Partners,,,,,,,,,,,,,,,,,,,,,,,,,,Abacus Computers,,,,,,24993,1318,23675,6,,2253,0,2253,1,,,Sheffield,David,,I,Mr,,,,,,,,,,,02,97657478,,,,,,,,,Abacus Computers,,,,,,,,,,,,,98 North Street,,,,St Leonards,2110,NSW,,,,,,,,,,,,,,,,,,,,,,,,,,,,,,397674,12244302,Abacus Computers,618.52,618.52,0,,,618.52,,1316,,,,,,,78928626495,121224211,,,,,,,,,,,,,,,,,,,,,,,,,,,,,,,,,,1316,633,,,,,,,,,,,,,,,,,,,,,,,,,,,,,,
Client 112,,,,,08,82869509,,,JONESKA,00001333,Justin Aniston,,,,,,,,,,,,,,,,,,,,,,,,,,Abbot and Rankine Pty Limited,,,,,,,,,,,129930,129930,,11,,,Sheffield,David,,I,Mr,,,,,,,,,,,02,97657478,,,,,,,,,Abbot and Rankine Pty Limited,,,,,,,,,,,,,75 Warne St,,,,WELLINGTON,2820,NSW,,,,,,,,,,,,,,,,,,,,,,,,,,,,,,671490,41973703,Abbot and Rankine Pty Limited,-12836.67,31743.33,44580,,,31743.33,,67539,,,,,,,78928626495,121224211,,,,,,,,,,,9521,9521,,,,,,,,,,,,,,,,,,,,,11,67539,32468,,,,,,,,,,,,,,,,,,,,,,,,,,,,,,
Client 113,,,,,08,40725904,,,JONESPO,00013021,DEPK,,,,,,,,,,,,,,,,,,,,,,,,,,ABC Family Trust,,,,,,,,,,,7447,7447,,1,,,Sheffield,David,,I,Mr,,,,,,,,,,,02,97657478,,,,,,,,,ABC Family Trust,,,,,,,,,,,,,85 Joadja Road,,,,MELBOURNE,3000,VIC,,,,,,,,,,,,,,,,,,,,,,,,,,,,,,151793,41520021,David and Teresa Sheffield as Trustees for the ABC Family Trust,-4304.45,4260.55,8565,,,4260.55,,9065,,,,,,,78928626495,121224211,,,,,,,,,,,1619,1619,,,,,,,,,,,,,,,,,,,,,,9065,4358,,,,,,,,,,,,,,,,,,,,,,,,,,,,,,
Client 114,,,,,02,93387650,,,JONESML,00013000,Rachelle N. Stein,,,,,,,,,,,,,,,,,,,,,,,,,,Abacus Computers,,,,,,,,,,,4710,4710,,1,,,Sheffield,David,,I,Mr,,,,,,,,,,,02,97657478,,,,,,,,,Abacus Computers,,,,,,,,,,,,,85 Joadja Road,,,,MELBOURNE,3000,VIC,,,,,,,,,,,,,,,,,,,,,,,,,5458,5458,,,,397674,12244302,Abacus Computers,-5468.67,3308.33,8777,,,3308.33,,6981,58,,,,,,78928626495,121224211,,,,58,58,,1,,,,,,,,,,,,,,,,,,,,,,,,,,,7039,3356,31,,,,,,,,,,,,,,,,,,,,,,,,,,,,,
Client 115,,,,,08,82253450,,,JONESFTRT,00013210,Gold Medal Accounting,,,,,,,,,,,,,,,,,,,,,,,,,,Abbot and Rankine Pty Limited,,,,,,,,,,,27276,27276,,4,,,Sheffield,David,,I,Mr,,,,,,,,,,,02,97657478,,,,,,,,,Abbot and Rankine Pty Limited,,,,,,,,,,,,,85 Joadja Road,,,,MELBOURNE,3000,VIC,,,,,,,,,,,,,,,,,,,,,,,,,,,,,,671490,41973703,Abbot and Rankine Pty Limited,-22060.05,21048.95,43109,,,21048.95,,43661,1124,,,,,,78928626495,121224211,,,,,,,,,,,5956,5956,,,,,,,,,,,,,,11556,11556,,,,,,4,44785,20989,596,,,,,,,,,,,,,,,,,,,,,,,,,,,,,
Client 116,,,,,08,40962467,,,JONESSF,00013000,Victoria Carson-Graham,,,,,,,,,,,,,,,,,,,,,,,,,,ABC Family Trust,,2280,2280,,,,,,,,173944,5226,168718,51,,,Sheffield,David,,I,Mr,,,,,,,,,,,02,97657478,,,,,,,,,ABC Family Trust,,,,,,,,,,,,,85 Joadja Road,,,,MELBOURNE,3000,VIC,,,,,,,,,,,,,,,,,,,,,,,,,313,313,,,,151793,41520021,David and Teresa Sheffield as Trustees for the ABC Family Trust,-28850.01,3673.99,32524,,,3673.99,,7817,,,,,,,78928626495,121224211,,,,,,,,,,,,,,,,,,,,,,,,,,,,,,,,,42,7817,3758,,,,,,,,,,,,,,,,,,,,,,,,,,,,,,
Client 117,,,,,02,90484436,,,KILOSTREAM,00001333,Justin Aniston,,,,,,,,,,,,,,,,,,,,,,,,,,Abacus Computers,,,,,,,,,,,4553,4553,,2,,,Sheffield,David,,I,Mr,,,,,,,,,,,02,97657478,,,,,,,,,ABC Family Trust,,,,,,,,,,,,,85 Joadja Road,,,,MELBOURNE,3000,VIC,,,,,,,,,,,,,,,,,,,,,,,,,3782,3782,,,,397674,12244302,Abacus Computers,-2166.49,3916.51,6083,,,3916.51,,8333,,,,,,,78928626495,121224211,,,,,,,,,,,,,,,,,,,,,,,,,,,,,,,,,,8333,4006,,,,,,,,,,,,,,,,,,,,,,,,,,,,,,
Client 118,,,,,08,67803734,,,LANE,00001333,Justin Aniston,,,,,,,,,,,,,,,,,,,,,,,,,,Abbot and Rankine Pty Limited,,,,,,,,,,,,,,,,,Sheffield,David,,I,Mr,,,,,,,,,,,02,97657478,,,,,,,,,,,,,,,,,,,,,,85 Joadja Road,,,,MELBOURNE,3000,VIC,,,,,,,,,,,,,,,,,,,,,,,,,754,754,,,,671490,41973703,Abbot and Rankine Pty Limited,522.64,522.64,0,,,522.64,,1112,,,,,,,78928626495,121224211,,,,,,,,,,,359,359,,,,,,,,,,,,,,,,,,,,,,1112,535,,,,,,,,,,,,,,,,,,,,,,,,,,,,,,
Client 119,,,,,08,83818911,,,LECHANCE,00013210,Alfred Vasquez,,,,,,,,,,,,,,,,,,,,,,,,,,ABC Family Trust,,,,,,51,51,,1,,,,,,,,Sheffield,David,,I,Mr,,,,,,,,,,,02,97657478,,,,,,,,,,,,,,,,,,,,,,85 Joadja Road,,,,MELBOURNE,3000,VIC,,,,,,,,,,,,,,,,,,,,,,,,,,,,,,151793,41520021,David and Teresa Sheffield as Trustees for the ABC Family Trust,554.15,6554.15,6000,,,6554.15,,13945,,,,,,,78928626495,121224211,,,,,,,,,,,,,,4748,4748,,,,,,,,,,,9148,9148,,,,,,,13945,6704,,,,,,,,,,,,,,,,,,,,,,,,,,,,,,
Client 120,,,,,02,40508687,,,LETCHWORTH,00013000,Victoria Carson-Graham,,,,,,,,474,474,,,,,,,,,,,,,,,,,Abacus Computers,,,,,,,,,,,,,,,,,Sheffield,David,,I,Mr,,,,,,,,,,,02,97657478,,,,,,,,,,,,,,,,,,,,,,85 Joadja Road,,,,MELBOURNE,3000,VIC,,,,,,,,,,,,,,,,,,,,,,,,,342,342,,,,151793,41520021,David and Teresa Sheffield as Trustees for the ABC Family Trust,774.09,774.09,,,,774.09,,,1647,831,831,,,,78928626495,121224211,,,,,,,,,,,,,,,,,,,,,,,,,,,,,,,,,2,1647,,873,,,,,,,,,,,,,,,,,,,,,,,,,,,,,