MYOB Name,Intermediary.Identifiers.TaxAgentClientReference.Text,Intermediary.Identifiers.TaxAgentNumber.Identifier,ReportingParty.Report.Amendment.Indicator,ReportingParty.Report.AmendmentSequence.Number,ReportingParty.Report.AmendmentType.Code,ReportingParty.Report.AmendmentReason.Text,ReportingParty.Identifiers.TaxFileNumber.Identifier,ReportingParty.Identifiers.AustralianBusinessNumber.Identifier,Myob.ReportingParty.TrusteeSeniorPartner.Required,Myob.ReportingParty.TrusteeSeniorPartner.IndividualOrNonIndividual,ReportingParty.TrusteeSeniorPartner.OrganisationNameDetails.OrganisationalName.Text,ReportingParty.TrusteeSeniorPartner.PersonNameDetails.Title.Text,ReportingParty.TrusteeSeniorPartner.PersonNameDetails.FamilyName.Text,ReportingParty.TrusteeSeniorPartner.PersonNameDetails.GivenName.Text,ReportingParty.TrusteeSeniorPartner.PersonNameDetails.OtherGivenName.Text,ReportingParty.TrusteeSeniorPartner.PersonNameDetails.NameSuffix.Text,Myob.ReportingParty.Employer.IndividualOrNonIndividual,ReportingParty.Employer.OrganisationNameDetails.OrganisationalName.Text,ReportingParty.Employer.PersonNameDetails.Title.Text,ReportingParty.Employer.PersonNameDetails.FamilyName.Text,ReportingParty.Employer.PersonNameDetails.GivenName.Text,ReportingParty.Employer.PersonNameDetails.OtherGivenName.Text,ReportingParty.Employer.PersonNameDetails.NameSuffix.Text,ReportingParty.Employer.Postal.AddressDetails.OverseasAddress.Indicator,ReportingParty.Employer.Postal.AddressDetails.Line1.Text,ReportingParty.Employer.Postal.AddressDetails.Line2.Text,ReportingParty.Employer.Postal.AddressDetails.LocalityName.Text,ReportingParty.Employer.Postal.AddressDetails.StateOrTerritory.Code,ReportingParty.Employer.Postal.AddressDetails.Postcode.Text,ReportingParty.Employer.Postal.AddressDetails.Country.Code,ReportingParty.Employer.Postal.AddressDetails.CountryName.Text,Myob.ReportingParty.Employer.Previous.Name.Required,Myob.ReportingParty.Employer.Previous.IndividualOrNonIndividual,ReportingParty.Employer.Previous.OrganisationNameDetails.OrganisationalName.Text,ReportingParty.Employer.Previous.PersonNameDetails.Title.Text,ReportingParty.Employer.Previous.PersonNameDetails.FamilyName.Text,ReportingParty.Employer.Previous.PersonNameDetails.GivenName.Text,ReportingParty.Employer.Previous.PersonNameDetails.OtherGivenName.Text,ReportingParty.Employer.Previous.PersonNameDetails.NameSuffix.Text,Myob.ReportingParty.Employer.Previous.Required,ReportingParty.Employer.Previous.AddressDetails.OverseasAddress.Indicator,ReportingParty.Employer.Previous.Postal.AddressDetails.Line1.Text,ReportingParty.Employer.Previous.Postal.AddressDetails.Line2.Text,ReportingParty.Employer.Previous.Postal.AddressDetails.LocalityName.Text,ReportingParty.Employer.Previous.Postal.AddressDetails.StateOrTerritory.Code,ReportingParty.Employer.Previous.Postal.AddressDetails.Postcode.Text,ReportingParty.Employer.Previousname.Postal.AddressDetails.Country.Code,ReportingParty.Employer.Previous.Postal.AddressDetails.CountryName.Text,Myob.ReportingParty.BusinessTradingName.Required,ReportingParty.BusinessTradingName.OrganisationNameDetails.OrganisationalName.Text,Myob.ReportingParty.BusinessTradingAddress.Required,ReportingParty.BusinessTradingAddress.AddressDetails.OverseasAddress.Indicator,ReportingParty.BusinessTradingAddress.AddressDetails.Line1.Text,ReportingParty.BusinessTradingAddress.AddressDetails.Line2.Text,ReportingParty.BusinessTradingAddress.AddressDetails.LocalityName.Text,ReportingParty.BusinessTradingAddress.AddressDetails.StateOrTerritory.Code,ReportingParty.BusinessTradingAddress.AddressDetails.Postcode.Text,ReportingParty.BusinessTradingAddress.AddressDetails.Country.Code,ReportingParty.BusinessTradingAddress.AddressDetails.CountryName.Text,Myob.ReportingParty.TrusteeSeniorPartner.Previous.Required,Myob.ReportingParty.TrusteeSeniorPartner.Previous.IndividualOrNonIndividual,ReportingParty.TrusteeSeniorPartner.Previous.OrganisationNameDetails.OrganisationalName.Text,ReportingParty.TrusteeSeniorPartner.Previous.PersonNameDetails.Title.Text,ReportingParty.TrusteeSeniorPartner.Previous.PersonNameDetails.FamilyName.Text,ReportingParty.TrusteeSeniorPartner.Previous.PersonNameDetails.GivenName.Text,ReportingParty.TrusteeSeniorPartner.Previous.PersonNameDetails.OtherGivenName.Text,ReportingParty.TrusteeSeniorPartner.Previous.PersonNameDetails.NameSuffix.Text,ReportingParty.Contact.Title.Text,ReportingParty.Contact.FamilyName.Text,ReportingParty.Contact.GivenName.Text,ReportingParty.Contact.OtherGivenName.Text,ReportingParty.Contact.NameSuffix.Text,ReportingParty.ElectronicContact.Telephone.Area.Code,ReportingParty.ElectronicContact.Telephone.Minimal.Number,ReportingParty.ElectronicContact.ElectronicMail.Address.Text,ReportingParty.Remuneration.FringeBenefits.Recipients.Count,ReportingParty.Report.CompletionHours.Number,ReportingParty.Lodgment.FinalReturn.Indicator,ReportingParty.FinancialInstitutionAccount.BankStateBranch.Number,ReportingParty.FinancialInstitutionAccount.FinancialInstitutionAccount.Number,ReportingParty.FinancialInstitutionAccount.FinancialInstitutionAccountName.Text,Myob.FringeBenefits.RebatableEmployer,Myob.FringeBenefits.PublicBenevolentInstitution,ReportingParty.Remuneration.FringeBenefits.Type1Aggregate.Amount,ReportingParty.FringeBenefitsTax.Type1Aggregate.Amount,ReportingParty.Remuneration.FringeBenefits.Type2Aggregate.Amount,ReportingParty.FringeBenefitsTax.Type2Aggregate.Amount,ReportingParty.Remuneration.FringeBenefits.AggregateNonExempt.Amount,ReportingParty.Remuneration.FringeBenefits.TaxableTotal.Amount,ReportingParty.FringeBenefitsTax.Payable.Amount,ReportingParty.FringeBenefitsTax.NonRebatableAggregate.Amount,ReportingParty.FringeBenefitsTax.Rebate.Amount,ReportingParty.FringeBenefitsTax.Liability.Amount,ReportingParty.FringeBenefitsTax.LiabilityInstalmentsTotal.Amount,ReportingParty.FringeBenefitsTax.AdjustmentDue.Amount,ReportingParty.CarsStatutoryFormula.Remuneration.FringeBenefits.Type.Code,ReportingParty.CarsStatutoryFormula.Remuneration.FringeBenefits.ItemsProvided.Number,ReportingParty.CarsStatutoryFormula.Remuneration.FringeBenefits.BenefitGrossTaxable.Amount,ReportingParty.CarsStatutoryFormula.Remuneration.FringeBenefits.EmployeeContribution.Amount,ReportingParty.CarsStatutoryFormula.Remuneration.FringeBenefits.BenefitNetTaxable.Amount,ReportingParty.CarsOperatingCost.Remuneration.FringeBenefits.Type.Code,ReportingParty.CarsOperatingCost.Remuneration.FringeBenefits.ItemsProvided.Number,ReportingParty.CarsOperatingCost.Remuneration.FringeBenefits.BenefitGrossTaxable.Amount,ReportingParty.CarsOperatingCost.Remuneration.FringeBenefits.EmployeeContribution.Amount,ReportingParty.CarsOperatingCost.Remuneration.FringeBenefits.BenefitNetTaxable.Amount,ReportingParty.LoansGranted.Remuneration.FringeBenefits.Type.Code,ReportingParty.LoansGranted.Remuneration.FringeBenefits.ItemsProvided.Number,ReportingParty.LoansGranted.Remuneration.FringeBenefits.BenefitGrossTaxable.Amount,ReportingParty.LoansGranted.Remuneration.FringeBenefits.Reduction.Amount,ReportingParty.LoansGranted.Remuneration.FringeBenefits.BenefitNetTaxable.Amount,ReportingParty.DebtWaiver.Remuneration.FringeBenefits.Type.Code,ReportingParty.DebtWaiver.Remuneration.FringeBenefits.BenefitGrossTaxable.Amount,ReportingParty.DebtWaiver.Remuneration.FringeBenefits.BenefitNetTaxable.Amount,ReportingParty.ExpensePayment.Remuneration.FringeBenefits.Type.Code,ReportingParty.ExpensePayment.Remuneration.FringeBenefits.BenefitGrossTaxable.Amount,ReportingParty.ExpensePayment.Remuneration.FringeBenefits.EmployeeContribution.Amount,ReportingParty.ExpensePayment.Remuneration.FringeBenefits.Reduction.Amount,ReportingParty.ExpensePayment.Remuneration.FringeBenefits.BenefitNetTaxable.Amount,ReportingParty.Housing.Remuneration.FringeBenefits.Type.Code,ReportingParty.Housing.Remuneration.FringeBenefits.ItemsProvided.Number,ReportingParty.Housing.Remuneration.FringeBenefits.BenefitGrossTaxable.Amount,ReportingParty.Housing.Remuneration.FringeBenefits.EmployeeContribution.Amount,ReportingParty.Housing.Remuneration.FringeBenefits.BenefitNetTaxable.Amount,ReportingParty.EmployeeReceiving.Remuneration.FringeBenefits.Type.Code,ReportingParty.EmployeeReceiving.Remuneration.FringeBenefits.ItemsProvided.Number,ReportingParty.EmployeeReceiving.Remuneration.FringeBenefits.BenefitGrossTaxable.Amount,ReportingParty.EmployeeReceiving.Remuneration.FringeBenefits.Reduction.Amount,ReportingParty.EmployeeReceiving.Remuneration.FringeBenefits.BenefitNetTaxable.Amount,ReportingParty.Board.Remuneration.FringeBenefits.Type.Code,ReportingParty.Board.Remuneration.FringeBenefits.BenefitGrossTaxable.Amount,ReportingParty.Board.Remuneration.FringeBenefits.EmployeeContribution.Amount,ReportingParty.Board.Remuneration.FringeBenefits.Reduction.Amount,ReportingParty.Board.Remuneration.FringeBenefits.BenefitNetTaxable.Amount,ReportingParty.Property.Remuneration.FringeBenefits.Type.Code,ReportingParty.Property.Remuneration.FringeBenefits.BenefitGrossTaxable.Amount,ReportingParty.Property.Remuneration.FringeBenefits.EmployeeContribution.Amount,ReportingParty.Property.Remuneration.FringeBenefits.Reduction.Amount,ReportingParty.Property.Remuneration.FringeBenefits.BenefitNetTaxable.Amount,ReportingParty.IncomeTaxExempt.Remuneration.FringeBenefits.Type.Code,ReportingParty.IncomeTaxExempt.Remuneration.FringeBenefits.BenefitGrossTaxable.Amount,ReportingParty.IncomeTaxExempt.Remuneration.FringeBenefits.BenefitNetTaxable.Amount,ReportingParty.OtherBenefits.Remuneration.FringeBenefits.Type.Code,ReportingParty.OtherBenefits.Remuneration.FringeBenefits.BenefitGrossTaxable.Amount,ReportingParty.OtherBenefits.Remuneration.FringeBenefits.EmployeeContribution.Amount,ReportingParty.OtherBenefits.Remuneration.FringeBenefits.Reduction.Amount,ReportingParty.OtherBenefits.Remuneration.FringeBenefits.BenefitNetTaxable.Amount,ReportingParty.CarParking.Remuneration.FringeBenefits.Type.Code,ReportingParty.CarParking.Remuneration.FringeBenefits.BenefitGrossTaxable.Amount,ReportingParty.CarParking.Remuneration.FringeBenefits.EmployeeContribution.Amount,ReportingParty.CarParking.Remuneration.FringeBenefits.BenefitNetTaxable.Amount,ReportingParty.MealEntertainment.Remuneration.FringeBenefits.Type.Code,ReportingParty.MealEntertainment.Remuneration.FringeBenefits.BenefitGrossTaxable.Amount,ReportingParty.MealEntertainment.Remuneration.FringeBenefits.BenefitNetTaxable.Amount,Intermediary.Declaration.Signature.Date,ReportingParty.Declaration.Signature.Date,Intermediary.PersonUnstructuredName.FullName.Text,Intermediary.ElectronicContact.Telephone.Area.Code,Intermediary.ElectronicContact.Telephone.Minimal.Number
ELS Tag,AWR,AAE,,IJH,JGY,JHD,AAD,EBN,,,ACU,ABE,ABF,ABG,BBB,,,AAU,BGH,BGI,BGK,BGL,BGJ,,ABH,ABH,AME,AMF,APE,,AMG,,,BKZ,BGP,BKW,BKX,BKY,BFV,,,ABJ,ABJ,AUT,AUU,APG,,AUV,,AVO,,,AVY,AVY,AJP,AJX,APD,,CCB,,,FWW,FWR,FWS,FWU,FWV,FWT,BJO,AXA,AXB,BFB,BJP,BJQ,BLK,DZD,FYR,DYF,BGW,ABV,BFE,ANH,,,FZA,FZB,FZC,FZD,FZE,BJC,BJE,GST,BJF,BJG,BJL,BJM,,BHA,BHB,BHC,BHD,,BHE,BHF,BHG,BHI,,FWY,BHK,BHL,BHM,,BHO,BHP,,BHQ,BHR,BHS,BHT,,BHU,BHV,BHW,BHX,,BHY,BHZ,IJW,BIA,,BIH,BII,BIJ,BIK,,BIM,BIN,BIO,BIP,,BIQ,BIR,,BIS,BIT,BIU,BIV,,BIX,BIY,BIZ,,BJA,BJB,,,ACR,BLI,BLJ
Editable,TRUE,TRUE,TRUE,TRUE,TRUE,TRUE,TRUE,TRUE,TRUE,TRUE,TRUE,TRUE,TRUE,TRUE,TRUE,TRUE,TRUE,TRUE,TRUE,TRUE,TRUE,TRUE,TRUE,TRUE,TRUE,TRUE,TRUE,TRUE,TRUE,TRUE,TRUE,TRUE,TRUE,TRUE,TRUE,TRUE,TRUE,TRUE,TRUE,TRUE,TRUE,TRUE,TRUE,TRUE,TRUE,TRUE,TRUE,TRUE,TRUE,TRUE,TRUE,TRUE,TRUE,TRUE,TRUE,TRUE,TRUE,TRUE,TRUE,TRUE,TRUE,TRUE,TRUE,TRUE,TRUE,TRUE,TRUE,TRUE,TRUE,TRUE,TRUE,TRUE,TRUE,TRUE,TRUE,TRUE,TRUE,TRUE,TRUE,TRUE,TRUE,TRUE,TRUE,TRUE,TRUE,TRUE,TRUE,TRUE,TRUE,TRUE,TRUE,TRUE,TRUE,TRUE,TRUE,FALSE,TRUE,TRUE,TRUE,TRUE,FALSE,TRUE,TRUE,TRUE,TRUE,FALSE,TRUE,TRUE,TRUE,TRUE,FALSE,TRUE,TRUE,FALSE,TRUE,TRUE,TRUE,TRUE,FALSE,TRUE,TRUE,TRUE,TRUE,FALSE,TRUE,TRUE,TRUE,TRUE,FALSE,TRUE,TRUE,TRUE,TRUE,FALSE,TRUE,TRUE,TRUE,TRUE,FALSE,TRUE,TRUE,FALSE,TRUE,TRUE,TRUE,TRUE,FALSE,TRUE,TRUE,TRUE,FALSE,TRUE,TRUE,TRUE,TRUE,TRUE,TRUE,TRUE
User Input,TRUE,TRUE,FALSE,FALSE,TRUE?,TRUE,TRUE,TRUE,TRUE,TRUE,TRUE,TRUE,TRUE,TRUE,TRUE,TRUE,TRUE,TRUE,TRUE,TRUE,TRUE,TRUE,TRUE,TRUE,TRUE,TRUE,TRUE,TRUE,TRUE,TRUE,TRUE,TRUE,TRUE,TRUE,TRUE,TRUE,TRUE,TRUE,TRUE,TRUE,TRUE,TRUE,TRUE,TRUE,TRUE,TRUE,TRUE,TRUE,TRUE,TRUE,TRUE,TRUE,TRUE,TRUE,TRUE,TRUE,TRUE,TRUE,TRUE,TRUE,TRUE,TRUE,TRUE,TRUE,TRUE,TRUE,TRUE,TRUE,TRUE,TRUE,TRUE,TRUE,TRUE,TRUE,TRUE,TRUE,TRUE,TRUE,TRUE,TRUE,TRUE,TRUE,TRUE,TRUE,FALSE,TRUE,FALSE,TRUE,FALSE,FALSE,TRUE,FALSE,FALSE,TRUE,FALSE,FALSE,TRUE,TRUE,TRUE,FALSE,FALSE,TRUE,TRUE,TRUE,FALSE,FALSE,TRUE,TRUE,TRUE,FALSE,FALSE,TRUE,FALSE,FALSE,TRUE,TRUE,TRUE,FALSE,FALSE,TRUE,TRUE,TRUE,FALSE,FALSE,TRUE,TRUE,TRUE,FALSE,FALSE,TRUE,TRUE,TRUE,FALSE,FALSE,TRUE,TRUE,TRUE,FALSE,FALSE,TRUE,FALSE,FALSE,TRUE,TRUE,TRUE,FALSE,FALSE,TRUE,TRUE,FALSE,FALSE,TRUE,FALSE,TRUE,TRUE,TRUE,TRUE,TRUE
Lodgeable,,00013000,,,,,121224211,78928626495,,,,,,,,,NonIndividual,Guardian Investments Limited,,,,,,FALSE,38 Ryker Road,,Cape Tribulation,QLD,2720,,,,,,,,,,,,,,,,,,,,,,,,,,,,,,,,,,,,,,,Mrs,Lynch,Carmen,Janet,,,81177221,,,,TRUE,267070,891634107,Greenwich IGA,FALSE,FALSE,35790,74450,6000,11320,,85770,40311.9,,19349.71,20962.19,15000,5962.15,A,3,39000,8500,30500,B,1,3000,,3000,C,1,1290,,1290,D,,0,E,,,,0,F,,,,0,G,1,3000,3000,0,J,,,,0,K,,,,0,L,,0,M,,,,0,N,,,0,P,7000,7000,8122014,,Curie Gill,,
Missing TFN,,00013000,,,,,,78928626495,,,,,,,,,NonIndividual,Guardian Investments Limited,,,,,,FALSE,38 Ryker Road,,Cape Tribulation,QLD,2720,,,,,,,,,,,,,,,,,,,,,,,,,,,,,,,,,,,,,,,Mrs,Lynch,Carmen,Janet,,,81177221,,,,TRUE,267070,891634107,Greenwich IGA,FALSE,FALSE,35790,74450,6000,11320,,85770,40311.9,,19349.71,20962.19,15000,5962.15,A,3,39000,8500,30500,B,1,3000,,3000,C,1,1290,,1290,D,,0,E,,,,0,F,,,,0,G,1,3000,3000,0,J,,,,0,K,,,,0,L,,0,M,,,,0,N,,,0,P,7000,7000,8122014,,Curie Gill,,
,,,,,,,MANDATORY,,,,,,,,,,,,,,,,,,,,,,,,,,,,,,,,,,,,,,,,,,,,,,,,,,,,,,,,,,,,,,,,,,,,,,,,,,,,,,,,,,,,,,,,,,,,,,,,,,,,,,,,,,,,,,,,,,,,,,,,,,,,,,,,,,,,,,,,,,,,,,,,,,,,,,,
,,,,,,,MANDATORY,,,,,,,,,,,,,,,,,,,,,,,,,,,,,,,,,,,,,,,,,,,,,,,,,,,,,,,,,,,,,,,,,,,,,,,,,,,,,,,,,,,,,,,,,,,,,,,,,,,,,,,,,,,,,,,,,,,,,,,,,,,,,,,,,,,,,,,,,,,,,,,,,,,,,,,
Missing Individual TrusteePartner,,00013000,,,,,121224211,78928626495,TRUE,,,,,,,,NonIndividual,Guardian Investments Limited,,,,,,FALSE,38 Ryker Road,,Cape Tribulation,QLD,2720,,,,,,,,,,,,,,,,,,,,,,,,,,,,,,,,,,,,,,,Mrs,Lynch,Carmen,Janet,,,81177221,,,,TRUE,267070,891634107,Greenwich IGA,FALSE,FALSE,35790,74450,6000,11320,,85770,40311.9,,19349.71,20962.19,15000,5962.15,A,3,39000,8500,30500,B,1,3000,,3000,C,1,1290,,1290,D,,0,E,,,,0,F,,,,0,G,1,3000,3000,0,J,,,,0,K,,,,0,L,,0,M,,,,0,N,,,0,P,7000,7000,8122014,,Curie Gill,,
,,,,,,,,,,MANDATORY,,,,,,,,,,,,,,,,,,,,,,,,,,,,,,,,,,,,,,,,,,,,,,,,,,,,,,,,,,,,,,,,,,,,,,,,,,,,,,,,,,,,,,,,,,,,,,,,,,,,,,,,,,,,,,,,,,,,,,,,,,,,,,,,,,,,,,,,,,,,,,,,,,,,
,,,,,,,,,,MANDATORY,,,,,,,,,,,,,,,,,,,,,,,,,,,,,,,,,,,,,,,,,,,,,,,,,,,,,,,,,,,,,,,,,,,,,,,,,,,,,,,,,,,,,,,,,,,,,,,,,,,,,,,,,,,,,,,,,,,,,,,,,,,,,,,,,,,,,,,,,,,,,,,,,,,,
Missing Individual FamilyName TrusteePartner,,00013000,,,,,121224211,78928626495,TRUE,Individual,,,,,,,NonIndividual,Guardian Investments Limited,,,,,,FALSE,38 Ryker Road,,Cape Tribulation,QLD,2720,,,,,,,,,,,,,,,,,,,,,,,,,,,,,,,,,,,,,,,Mrs,Lynch,Carmen,Janet,,,81177221,,,,TRUE,267070,891634107,Greenwich IGA,FALSE,FALSE,35790,74450,6000,11320,,85770,40311.9,,19349.71,20962.19,15000,5962.15,A,3,39000,8500,30500,B,1,3000,,3000,C,1,1290,,1290,D,,0,E,,,,0,F,,,,0,G,1,3000,3000,0,J,,,,0,K,,,,0,L,,0,M,,,,0,N,,,0,P,7000,7000,8122014,,Curie Gill,,
,,,,,,,,,,,,,MANDATORY,,,,,,,,,,,,,,,,,,,,,,,,,,,,,,,,,,,,,,,,,,,,,,,,,,,,,,,,,,,,,,,,,,,,,,,,,,,,,,,,,,,,,,,,,,,,,,,,,,,,,,,,,,,,,,,,,,,,,,,,,,,,,,,,,,,,,,,,,,,,,,,,,
,,,,,,,,,,,,,MANDATORY,,,,,,,,,,,,,,,,,,,,,,,,,,,,,,,,,,,,,,,,,,,,,,,,,,,,,,,,,,,,,,,,,,,,,,,,,,,,,,,,,,,,,,,,,,,,,,,,,,,,,,,,,,,,,,,,,,,,,,,,,,,,,,,,,,,,,,,,,,,,,,,,,
Missing NonIndividual OrgName TrusteePartner,,00013000,,,,,121224211,78928626495,TRUE,NonIndividual,,,,,,,NonIndividual,Guardian Investments Limited,,,,,,FALSE,38 Ryker Road,,Cape Tribulation,QLD,2720,,,,,,,,,,,,,,,,,,,,,,,,,,,,,,,,,,,,,,,Mrs,Lynch,Carmen,Janet,,,81177221,,,,TRUE,267070,891634107,Greenwich IGA,FALSE,FALSE,35790,74450,6000,11320,,85770,40311.9,,19349.71,20962.19,15000,5962.15,A,3,39000,8500,30500,B,1,3000,,3000,C,1,1290,,1290,D,,0,E,,,,0,F,,,,0,G,1,3000,3000,0,J,,,,0,K,,,,0,L,,0,M,,,,0,N,,,0,P,7000,7000,8122014,,Curie Gill,,
,,,,,,,,,,,MANDATORY,,,,,,,,,,,,,,,,,,,,,,,,,,,,,,,,,,,,,,,,,,,,,,,,,,,,,,,,,,,,,,,,,,,,,,,,,,,,,,,,,,,,,,,,,,,,,,,,,,,,,,,,,,,,,,,,,,,,,,,,,,,,,,,,,,,,,,,,,,,,,,,,,,,
,,,,,,,,,,,MANDATORY,,,,,,,,,,,,,,,,,,,,,,,,,,,,,,,,,,,,,,,,,,,,,,,,,,,,,,,,,,,,,,,,,,,,,,,,,,,,,,,,,,,,,,,,,,,,,,,,,,,,,,,,,,,,,,,,,,,,,,,,,,,,,,,,,,,,,,,,,,,,,,,,,,,
Missing Individual FamilyName Employer,,00013000,,,,,121224211,78928626495,,,,,,,,,Individual,,,,,,,FALSE,38 Ryker Road,,Cape Tribulation,QLD,2720,,,,,,,,,,,,,,,,,,,,,,,,,,,,,,,,,,,,,,,Mrs,Lynch,Carmen,Janet,,,81177221,,,,TRUE,267070,891634107,Greenwich IGA,FALSE,FALSE,35790,74450,6000,11320,,85770,40311.9,,19349.71,20962.19,15000,5962.15,A,3,39000,8500,30500,B,1,3000,,3000,C,1,1290,,1290,D,,0,E,,,,0,F,,,,0,G,1,3000,3000,0,J,,,,0,K,,,,0,L,,0,M,,,,0,N,,,0,P,7000,7000,8122014,,Curie Gill,,
,,,,,,,,,,,,,,,,,,,,MANDATORY,,,,,,,,,,,,,,,,,,,,,,,,,,,,,,,,,,,,,,,,,,,,,,,,,,,,,,,,,,,,,,,,,,,,,,,,,,,,,,,,,,,,,,,,,,,,,,,,,,,,,,,,,,,,,,,,,,,,,,,,,,,,,,,,,,,,,,,,,,
,,,,,,,,,,,,,,,,,,,,MANDATORY,,,,,,,,,,,,,,,,,,,,,,,,,,,,,,,,,,,,,,,,,,,,,,,,,,,,,,,,,,,,,,,,,,,,,,,,,,,,,,,,,,,,,,,,,,,,,,,,,,,,,,,,,,,,,,,,,,,,,,,,,,,,,,,,,,,,,,,,,,
Missing NonIndividual OrgName Employer,,00013000,,,,,121224211,78928626495,,,,,,,,,NonIndividual,,,,,,,FALSE,38 Ryker Road,,Cape Tribulation,QLD,2720,,,,,,,,,,,,,,,,,,,,,,,,,,,,,,,,,,,,,,,Mrs,Lynch,Carmen,Janet,,,81177221,,,,TRUE,267070,891634107,Greenwich IGA,FALSE,FALSE,35790,74450,6000,11320,,85770,40311.9,,19349.71,20962.19,15000,5962.15,A,3,39000,8500,30500,B,1,3000,,3000,C,1,1290,,1290,D,,0,E,,,,0,F,,,,0,G,1,3000,3000,0,J,,,,0,K,,,,0,L,,0,M,,,,0,N,,,0,P,7000,7000,8122014,,Curie Gill,,
,,,,,,,,,,,,,,,,,,MANDATORY,,,,,,,,,,,,,,,,,,,,,,,,,,,,,,,,,,,,,,,,,,,,,,,,,,,,,,,,,,,,,,,,,,,,,,,,,,,,,,,,,,,,,,,,,,,,,,,,,,,,,,,,,,,,,,,,,,,,,,,,,,,,,,,,,,,,,,,,,,,,
,,,,,,,,,,,,,,,,,,MANDATORY,,,,,,,,,,,,,,,,,,,,,,,,,,,,,,,,,,,,,,,,,,,,,,,,,,,,,,,,,,,,,,,,,,,,,,,,,,,,,,,,,,,,,,,,,,,,,,,,,,,,,,,,,,,,,,,,,,,,,,,,,,,,,,,,,,,,,,,,,,,,
Missing Postal Line1 Employer,,00013000,,,,,121224211,78928626495,,,,,,,,,NonIndividual,Guardian Investments Limited,,,,,,FALSE,,,Cape Tribulation,QLD,2720,,,,,,,,,,,,,,,,,,,,,,,,,,,,,,,,,,,,,,,Mrs,Lynch,Carmen,Janet,,,81177221,,,,TRUE,267070,891634107,Greenwich IGA,FALSE,FALSE,35790,74450,6000,11320,,85770,40311.9,,19349.71,20962.19,15000,5962.15,A,3,39000,8500,30500,B,1,3000,,3000,C,1,1290,,1290,D,,0,E,,,,0,F,,,,0,G,1,3000,3000,0,J,,,,0,K,,,,0,L,,0,M,,,,0,N,,,0,P,7000,7000,8122014,,Curie Gill,,
,,,,,,,,,,,,,,,,,,,,,,,,,MANDATORY,,,,,,,,,,,,,,,,,,,,,,,,,,,,,,,,,,,,,,,,,,,,,,,,,,,,,,,,,,,,,,,,,,,,,,,,,,,,,,,,,,,,,,,,,,,,,,,,,,,,,,,,,,,,,,,,,,,,,,,,,,,,,,,,,,,,,
,,,,,,,,,,,,,,,,,,,,,,,,,MANDATORY,,,,,,,,,,,,,,,,,,,,,,,,,,,,,,,,,,,,,,,,,,,,,,,,,,,,,,,,,,,,,,,,,,,,,,,,,,,,,,,,,,,,,,,,,,,,,,,,,,,,,,,,,,,,,,,,,,,,,,,,,,,,,,,,,,,,,
Missing Postal State Employer,,00013000,,,,,121224211,78928626495,,,,,,,,,NonIndividual,Guardian Investments Limited,,,,,,FALSE,38 Ryker Road,,Cape Tribulation,,2720,,,,,,,,,,,,,,,,,,,,,,,,,,,,,,,,,,,,,,,Mrs,Lynch,Carmen,Janet,,,81177221,,,,TRUE,267070,891634107,Greenwich IGA,FALSE,FALSE,35790,74450,6000,11320,,85770,40311.9,,19349.71,20962.19,15000,5962.15,A,3,39000,8500,30500,B,1,3000,,3000,C,1,1290,,1290,D,,0,E,,,,0,F,,,,0,G,1,3000,3000,0,J,,,,0,K,,,,0,L,,0,M,,,,0,N,,,0,P,7000,7000,8122014,,Curie Gill,,
,,,,,,,,,,,,,,,,,,,,,,,,,,,,MANDATORY,VR.ATO.GEN.434147,,,,,,,,,,,,,,,,,,,,,,,,,,,,,,,,,,,,,,,,,,,,,,,,,,,,,,,,,,,,,,,,,,,,,,,,,,,,,,,,,,,,,,,,,,,,,,,,,,,,,,,,,,,,,,,,,,,,,,,,,,,,,,,,,
,,,,,,,,,,,,,,,,,,,,,,,,,,,,MANDATORY,CMN.ATO.GEN.434147,,,,,,,,,,,,,,,,,,,,,,,,,,,,,,,,,,,,,,,,,,,,,,,,,,,,,,,,,,,,,,,,,,,,,,,,,,,,,,,,,,,,,,,,,,,,,,,,,,,,,,,,,,,,,,,,,,,,,,,,,,,,,,,,,
Missing Postal Suburb Employer,,00013000,,,,,121224211,78928626495,,,,,,,,,NonIndividual,Guardian Investments Limited,,,,,,FALSE,38 Ryker Road,,,QLD,2720,,,,,,,,,,,,,,,,,,,,,,,,,,,,,,,,,,,,,,,Mrs,Lynch,Carmen,Janet,,,81177221,,,,TRUE,267070,891634107,Greenwich IGA,FALSE,FALSE,35790,74450,6000,11320,,85770,40311.9,,19349.71,20962.19,15000,5962.15,A,3,39000,8500,30500,B,1,3000,,3000,C,1,1290,,1290,D,,0,E,,,,0,F,,,,0,G,1,3000,3000,0,J,,,,0,K,,,,0,L,,0,M,,,,0,N,,,0,P,7000,7000,8122014,,Curie Gill,,
,,,,,,,,,,,,,,,,,,,,,,,,,,,MANDATORY,,,,,,,,,,,,,,,,,,,,,,,,,,,,,,,,,,,,,,,,,,,,,,,,,,,,,,,,,,,,,,,,,,,,,,,,,,,,,,,,,,,,,,,,,,,,,,,,,,,,,,,,,,,,,,,,,,,,,,,,,,,,,,,,,,,
,,,,,,,,,,,,,,,,,,,,,,,,,,,MANDATORY,,,,,,,,,,,,,,,,,,,,,,,,,,,,,,,,,,,,,,,,,,,,,,,,,,,,,,,,,,,,,,,,,,,,,,,,,,,,,,,,,,,,,,,,,,,,,,,,,,,,,,,,,,,,,,,,,,,,,,,,,,,,,,,,,,,
Missing Postal Postcode Employer,,00013000,,,,,121224211,78928626495,,,,,,,,,NonIndividual,Guardian Investments Limited,,,,,,FALSE,38 Ryker Road,,Cape Tribulation,QLD,,,,,,,,,,,,,,,,,,,,,,,,,,,,,,,,,,,,,,,,Mrs,Lynch,Carmen,Janet,,,81177221,,,,TRUE,267070,891634107,Greenwich IGA,FALSE,FALSE,35790,74450,6000,11320,,85770,40311.9,,19349.71,20962.19,15000,5962.15,A,3,39000,8500,30500,B,1,3000,,3000,C,1,1290,,1290,D,,0,E,,,,0,F,,,,0,G,1,3000,3000,0,J,,,,0,K,,,,0,L,,0,M,,,,0,N,,,0,P,7000,7000,8122014,,Curie Gill,,
,,,,,,,,,,,,,,,,,,,,,,,,,,,,VR.ATO.GEN.434147,MANDATORY,,,,,,,,,,,,,,,,,,,,,,,,,,,,,,,,,,,,,,,,,,,,,,,,,,,,,,,,,,,,,,,,,,,,,,,,,,,,,,,,,,,,,,,,,,,,,,,,,,,,,,,,,,,,,,,,,,,,,,,,,,,,,,,,,
,,,,,,,,,,,,,,,,,,,,,,,,,,,,CMN.ATO.GEN.434147,MANDATORY,,,,,,,,,,,,,,,,,,,,,,,,,,,,,,,,,,,,,,,,,,,,,,,,,,,,,,,,,,,,,,,,,,,,,,,,,,,,,,,,,,,,,,,,,,,,,,,,,,,,,,,,,,,,,,,,,,,,,,,,,,,,,,,,,
USE_EXPECT_VALUE Missing Postal Overseas Indicator Employer,,00013000,,,,,121224211,78928626495,,,,,,,,,NonIndividual,Guardian Investments Limited,,,,,,,38 Ryker Road,,Cape Tribulation,QLD,2720,,,,,,,,,,,,,,,,,,,,,,,,,,,,,,,,,,,,,,,Mrs,Lynch,Carmen,Janet,,,81177221,,,,TRUE,267070,891634107,Greenwich IGA,FALSE,FALSE,35790,74450,6000,11320,,85770,40311.9,,19349.71,20962.19,15000,5962.15,A,3,39000,8500,30500,B,1,3000,,3000,C,1,1290,,1290,D,,0,E,,,,0,F,,,,0,G,1,3000,3000,0,J,,,,0,K,,,,0,L,,0,M,,,,0,N,,,0,P,7000,7000,8122014,,Curie Gill,,
,,,,,,,,,,,,,,,,,,,,,,,,MANDATORY,,,,,,,,,,,,,,,,,,,,,,,,,,,,,,,,,,,,,,,,,,,,,,,,,,,,,,,,,,,,,,,,,,,,,,,,,,,,,,,,,,,,,,,,,,,,,,,,,,,,,,,,,,,,,,,,,,,,,,,,,,,,,,,,,,,,,,
,,,,,,,,,,,,,,,,,,,,,,,,MANDATORY,,,,,,,,,,,,,,,,,,,,,,,,,,,,,,,,,,,,,,,,,,,,,,,,,,,,,,,,,,,,,,,,,,,,,,,,,,,,,,,,,,,,,,,,,,,,,,,,,,,,,,,,,,,,,,,,,,,,,,,,,,,,,,,,,,,,,,
Missing Previous Employer Individual,,00013000,,,,,121224211,78928626495,,,,,,,,,NonIndividual,Guardian Investments Limited,,,,,,FALSE,38 Ryker Road,,Cape Tribulation,QLD,2720,,,TRUE,,,,,,,,,,,,,,,,,,,,,,,,,,,,,,,,,,,,Mrs,Lynch,Carmen,Janet,,,81177221,,,,TRUE,267070,891634107,Greenwich IGA,FALSE,FALSE,35790,74450,6000,11320,,85770,40311.9,,19349.71,20962.19,15000,5962.15,A,3,39000,8500,30500,B,1,3000,,3000,C,1,1290,,1290,D,,0,E,,,,0,F,,,,0,G,1,3000,3000,0,J,,,,0,K,,,,0,L,,0,M,,,,0,N,,,0,P,7000,7000,8122014,,Curie Gill,,
,,,,,,,,,,,,,,,,,,,,,,,,,,,,,,,,,MANDATORY,,,,,,,,,,,,,,,,,,,,,,,,,,,,,,,,,,,,,,,,,,,,,,,,,,,,,,,,,,,,,,,,,,,,,,,,,,,,,,,,,,,,,,,,,,,,,,,,,,,,,,,,,,,,,,,,,,,,,,,,,,,,,
,,,,,,,,,,,,,,,,,,,,,,,,,,,,,,,,,MANDATORY,,,,,,,,,,,,,,,,,,,,,,,,,,,,,,,,,,,,,,,,,,,,,,,,,,,,,,,,,,,,,,,,,,,,,,,,,,,,,,,,,,,,,,,,,,,,,,,,,,,,,,,,,,,,,,,,,,,,,,,,,,,,,
Missing Previous Employer Individual FamilyName,,00013000,,,,,121224211,78928626495,,,,,,,,,NonIndividual,Guardian Investments Limited,,,,,,FALSE,38 Ryker Road,,Cape Tribulation,QLD,2720,,,TRUE,Individual,,,,,,,,,,,,,,,,,,,,,,,,,,,,,,,,,,,Mrs,Lynch,Carmen,Janet,,,81177221,,,,TRUE,267070,891634107,Greenwich IGA,FALSE,FALSE,35790,74450,6000,11320,,85770,40311.9,,19349.71,20962.19,15000,5962.15,A,3,39000,8500,30500,B,1,3000,,3000,C,1,1290,,1290,D,,0,E,,,,0,F,,,,0,G,1,3000,3000,0,J,,,,0,K,,,,0,L,,0,M,,,,0,N,,,0,P,7000,7000,8122014,,Curie Gill,,
,,,,,,,,,,,,,,,,,,,,,,,,,,,,,,,,,,,,MANDATORY,,,,,,,,,,,,,,,,,,,,,,,,,,,,,,,,,,,,,,,,,,,,,,,,,,,,,,,,,,,,,,,,,,,,,,,,,,,,,,,,,,,,,,,,,,,,,,,,,,,,,,,,,,,,,,,,,,,,,,,,,,
,,,,,,,,,,,,,,,,,,,,,,,,,,,,,,,,,,,,MANDATORY,,,,,,,,,,,,,,,,,,,,,,,,,,,,,,,,,,,,,,,,,,,,,,,,,,,,,,,,,,,,,,,,,,,,,,,,,,,,,,,,,,,,,,,,,,,,,,,,,,,,,,,,,,,,,,,,,,,,,,,,,,
Missing Previous Employer NonIndividual OrgName,,00013000,,,,,121224211,78928626495,,,,,,,,,NonIndividual,Guardian Investments Limited,,,,,,FALSE,38 Ryker Road,,Cape Tribulation,QLD,2720,,,TRUE,NonIndividual,,,,,,,,,,,,,,,,,,,,,,,,,,,,,,,,,,,Mrs,Lynch,Carmen,Janet,,,81177221,,,,TRUE,267070,891634107,Greenwich IGA,FALSE,FALSE,35790,74450,6000,11320,,85770,40311.9,,19349.71,20962.19,15000,5962.15,A,3,39000,8500,30500,B,1,3000,,3000,C,1,1290,,1290,D,,0,E,,,,0,F,,,,0,G,1,3000,3000,0,J,,,,0,K,,,,0,L,,0,M,,,,0,N,,,0,P,7000,7000,8122014,,Curie Gill,,
,,,,,,,,,,,,,,,,,,,,,,,,,,,,,,,,,,MANDATORY,,,,,,,,,,,,,,,,,,,,,,,,,,,,,,,,,,,,,,,,,,,,,,,,,,,,,,,,,,,,,,,,,,,,,,,,,,,,,,,,,,,,,,,,,,,,,,,,,,,,,,,,,,,,,,,,,,,,,,,,,,,,
,,,,,,,,,,,,,,,,,,,,,,,,,,,,,,,,,,MANDATORY,,,,,,,,,,,,,,,,,,,,,,,,,,,,,,,,,,,,,,,,,,,,,,,,,,,,,,,,,,,,,,,,,,,,,,,,,,,,,,,,,,,,,,,,,,,,,,,,,,,,,,,,,,,,,,,,,,,,,,,,,,,,
Missing Previous Employer Address Line1,,00013000,,,,,121224211,78928626495,,,,,,,,,NonIndividual,Guardian Investments Limited,,,,,,FALSE,38 Ryker Road,,Cape Tribulation,QLD,2720,,,,,,,,,,,TRUE,FALSE,,,Menyork,NSW,2109,,,,,,,,,,,,,,,,,,,,,,Mrs,Lynch,Carmen,Janet,,,81177221,,,,TRUE,267070,891634107,Greenwich IGA,FALSE,FALSE,35790,74450,6000,11320,,85770,40311.9,,19349.71,20962.19,15000,5962.15,A,3,39000,8500,30500,B,1,3000,,3000,C,1,1290,,1290,D,,0,E,,,,0,F,,,,0,G,1,3000,3000,0,J,,,,0,K,,,,0,L,,0,M,,,,0,N,,,0,P,7000,7000,8122014,,Curie Gill,,
,,,,,,,,,,,,,,,,,,,,,,,,,,,,,,,,,,,,,,,,,,MANDATORY,,,,,,,,,,,,,,,,,,,,,,,,,,,,,,,,,,,,,,,,,,,,,,,,,,,,,,,,,,,,,,,,,,,,,,,,,,,,,,,,,,,,,,,,,,,,,,,,,,,,,,,,,,,,,,,,,,,,
,,,,,,,,,,,,,,,,,,,,,,,,,,,,,,,,,,,,,,,,,,MANDATORY,,,,,,,,,,,,,,,,,,,,,,,,,,,,,,,,,,,,,,,,,,,,,,,,,,,,,,,,,,,,,,,,,,,,,,,,,,,,,,,,,,,,,,,,,,,,,,,,,,,,,,,,,,,,,,,,,,,,
Missing Previous Employer Address Suburb,,00013000,,,,,121224211,78928626495,,,,,,,,,NonIndividual,Guardian Investments Limited,,,,,,FALSE,38 Ryker Road,,Cape Tribulation,QLD,2720,,,,,,,,,,,TRUE,FALSE,72 Kryil Road,,,NSW,2109,,,,,,,,,,,,,,,,,,,,,,Mrs,Lynch,Carmen,Janet,,,81177221,,,,TRUE,267070,891634107,Greenwich IGA,FALSE,FALSE,35790,74450,6000,11320,,85770,40311.9,,19349.71,20962.19,15000,5962.15,A,3,39000,8500,30500,B,1,3000,,3000,C,1,1290,,1290,D,,0,E,,,,0,F,,,,0,G,1,3000,3000,0,J,,,,0,K,,,,0,L,,0,M,,,,0,N,,,0,P,7000,7000,8122014,,Curie Gill,,
,,,,,,,,,,,,,,,,,,,,,,,,,,,,,,,,,,,,,,,,,,,,MANDATORY,,,,,,,,,,,,,,,,,,,,,,,,,,,,,,,,,,,,,,,,,,,,,,,,,,,,,,,,,,,,,,,,,,,,,,,,,,,,,,,,,,,,,,,,,,,,,,,,,,,,,,,,,,,,,,,,,,
,,,,,,,,,,,,,,,,,,,,,,,,,,,,,,,,,,,,,,,,,,,,MANDATORY,,,,,,,,,,,,,,,,,,,,,,,,,,,,,,,,,,,,,,,,,,,,,,,,,,,,,,,,,,,,,,,,,,,,,,,,,,,,,,,,,,,,,,,,,,,,,,,,,,,,,,,,,,,,,,,,,,
Missing Previous Employer Address State,,00013000,,,,,121224211,78928626495,,,,,,,,,NonIndividual,Guardian Investments Limited,,,,,,FALSE,38 Ryker Road,,Cape Tribulation,QLD,2720,,,,,,,,,,,TRUE,FALSE,72 Kryil Road,,,,2109,,,,,,,,,,,,,,,,,,,,,,Mrs,Lynch,Carmen,Janet,,,81177221,,,,TRUE,267070,891634107,Greenwich IGA,FALSE,FALSE,35790,74450,6000,11320,,85770,40311.9,,19349.71,20962.19,15000,5962.15,A,3,39000,8500,30500,B,1,3000,,3000,C,1,1290,,1290,D,,0,E,,,,0,F,,,,0,G,1,3000,3000,0,J,,,,0,K,,,,0,L,,0,M,,,,0,N,,,0,P,7000,7000,8122014,,Curie Gill,,
,,,,,,,,,,,,,,,,,,,,,,,,,,,,,,,,,,,,,,,,,,,,,MANDATORY,VR.ATO.GEN.434147,,,,,,,,,,,,,,,,,,,,,,,,,,,,,,,,,,,,,,,,,,,,,,,,,,,,,,,,,,,,,,,,,,,,,,,,,,,,,,,,,,,,,,,,,,,,,,,,,,,,,,,,,,,,,,,,
,,,,,,,,,,,,,,,,,,,,,,,,,,,,,,,,,,,,,,,,,,,,,MANDATORY,CMN.ATO.GEN.434147,,,,,,,,,,,,,,,,,,,,,,,,,,,,,,,,,,,,,,,,,,,,,,,,,,,,,,,,,,,,,,,,,,,,,,,,,,,,,,,,,,,,,,,,,,,,,,,,,,,,,,,,,,,,,,,,
Missing Previous Employer Address Postcode,,00013000,,,,,121224211,78928626495,,,,,,,,,NonIndividual,Guardian Investments Limited,,,,,,FALSE,38 Ryker Road,,Cape Tribulation,QLD,2720,,,,,,,,,,,TRUE,FALSE,72 Kryil Road,,,NSW,,,,,,,,,,,,,,,,,,,,,,,Mrs,Lynch,Carmen,Janet,,,81177221,,,,TRUE,267070,891634107,Greenwich IGA,FALSE,FALSE,35790,74450,6000,11320,,85770,40311.9,,19349.71,20962.19,15000,5962.15,A,3,39000,8500,30500,B,1,3000,,3000,C,1,1290,,1290,D,,0,E,,,,0,F,,,,0,G,1,3000,3000,0,J,,,,0,K,,,,0,L,,0,M,,,,0,N,,,0,P,7000,7000,8122014,,Curie Gill,,
,,,,,,,,,,,,,,,,,,,,,,,,,,,,,,,,,,,,,,,,,,,,,VR.ATO.GEN.434147,MANDATORY,,,,,,,,,,,,,,,,,,,,,,,,,,,,,,,,,,,,,,,,,,,,,,,,,,,,,,,,,,,,,,,,,,,,,,,,,,,,,,,,,,,,,,,,,,,,,,,,,,,,,,,,,,,,,,,,
,,,,,,,,,,,,,,,,,,,,,,,,,,,,,,,,,,,,,,,,,,,,,CMN.ATO.GEN.434147,MANDATORY,,,,,,,,,,,,,,,,,,,,,,,,,,,,,,,,,,,,,,,,,,,,,,,,,,,,,,,,,,,,,,,,,,,,,,,,,,,,,,,,,,,,,,,,,,,,,,,,,,,,,,,,,,,,,,,,
USE_EXPECT_VALUE Missing Previous Employer Overseas Indicator,,00013000,,,,,121224211,78928626495,,,,,,,,,NonIndividual,Guardian Investments Limited,,,,,,FALSE,38 Ryker Road,,Cape Tribulation,QLD,2720,,,,,,,,,,,TRUE,,72 Kryil Road,,Menyork,NSW,2109,,,,,,,,,,,,,,,,,,,,,,Mrs,Lynch,Carmen,Janet,,,81177221,,,,TRUE,267070,891634107,Greenwich IGA,FALSE,FALSE,35790,74450,6000,11320,,85770,40311.9,,19349.71,20962.19,15000,5962.15,A,3,39000,8500,30500,B,1,3000,,3000,C,1,1290,,1290,D,,0,E,,,,0,F,,,,0,G,1,3000,3000,0,J,,,,0,K,,,,0,L,,0,M,,,,0,N,,,0,P,7000,7000,8122014,,Curie Gill,,
,,,,,,,,,,,,,,,,,,,,,,,,,,,,,,,,,,,,,,,,,MANDATORY,,,,,,,,,,,,,,,,,,,,,,,,,,,,,,,,,,,,,,,,,,,,,,,,,,,,,,,,,,,,,,,,,,,,,,,,,,,,,,,,,,,,,,,,,,,,,,,,,,,,,,,,,,,,,,,,,,,,,
,,,,,,,,,,,,,,,,,,,,,,,,,,,,,,,,,,,,,,,,,MANDATORY,,,,,,,,,,,,,,,,,,,,,,,,,,,,,,,,,,,,,,,,,,,,,,,,,,,,,,,,,,,,,,,,,,,,,,,,,,,,,,,,,,,,,,,,,,,,,,,,,,,,,,,,,,,,,,,,,,,,,
Missing Business OrgName,,00013000,,,,,121224211,78928626495,,,,,,,,,NonIndividual,Guardian Investments Limited,,,,,,FALSE,38 Ryker Road,,Cape Tribulation,QLD,2720,,,,,,,,,,,,,,,,,,,,TRUE,,TRUE,FALSE,133/65 Belmore Rd ,,Fairpark,NSW,2188,,,,,,,,,,,Mrs,Lynch,Carmen,Janet,,,81177221,,,,TRUE,267070,891634107,Greenwich IGA,FALSE,FALSE,35790,74450,6000,11320,,85770,40311.9,,19349.71,20962.19,15000,5962.15,A,3,39000,8500,30500,B,1,3000,,3000,C,1,1290,,1290,D,,0,E,,,,0,F,,,,0,G,1,3000,3000,0,J,,,,0,K,,,,0,L,,0,M,,,,0,N,,,0,P,7000,7000,8122014,,Curie Gill,,
,,,,,,,,,,,,,,,,,,,,,,,,,,,,,,,,,,,,,,,,,,,,,,,,,,MANDATORY,,,,,,,,,,,,,,,,,,,,,,,,,,,,,,,,,,,,,,,,,,,,,,,,,,,,,,,,,,,,,,,,,,,,,,,,,,,,,,,,,,,,,,,,,,,,,,,,,,,,,,,,,,,,
,,,,,,,,,,,,,,,,,,,,,,,,,,,,,,,,,,,,,,,,,,,,,,,,,,MANDATORY,,,,,,,,,,,,,,,,,,,,,,,,,,,,,,,,,,,,,,,,,,,,,,,,,,,,,,,,,,,,,,,,,,,,,,,,,,,,,,,,,,,,,,,,,,,,,,,,,,,,,,,,,,,,
Missing Business Address Line1,,00013000,,,,,121224211,78928626495,,,,,,,,,NonIndividual,Guardian Investments Limited,,,,,,FALSE,38 Ryker Road,,Cape Tribulation,QLD,2720,,,,,,,,,,,,,,,,,,,,TRUE,CompAct,TRUE,FALSE,,,Fairpark,NSW,2188,,,,,,,,,,,Mrs,Lynch,Carmen,Janet,,,81177221,,,,TRUE,267070,891634107,Greenwich IGA,FALSE,FALSE,35790,74450,6000,11320,,85770,40311.9,,19349.71,20962.19,15000,5962.15,A,3,39000,8500,30500,B,1,3000,,3000,C,1,1290,,1290,D,,0,E,,,,0,F,,,,0,G,1,3000,3000,0,J,,,,0,K,,,,0,L,,0,M,,,,0,N,,,0,P,7000,7000,8122014,,Curie Gill,,
,,,,,,,,,,,,,,,,,,,,,,,,,,,,,,,,,,,,,,,,,,,,,,,,,,,,,MANDATORY,,,,,,,,,,,,,,,,,,,,,,,,,,,,,,,,,,,,,,,,,,,,,,,,,,,,,,,,,,,,,,,,,,,,,,,,,,,,,,,,,,,,,,,,,,,,,,,,,,,,,,,,,
,,,,,,,,,,,,,,,,,,,,,,,,,,,,,,,,,,,,,,,,,,,,,,,,,,,,,MANDATORY,,,,,,,,,,,,,,,,,,,,,,,,,,,,,,,,,,,,,,,,,,,,,,,,,,,,,,,,,,,,,,,,,,,,,,,,,,,,,,,,,,,,,,,,,,,,,,,,,,,,,,,,,
Missing Business Address Suburb,,00013000,,,,,121224211,78928626495,,,,,,,,,NonIndividual,Guardian Investments Limited,,,,,,FALSE,38 Ryker Road,,Cape Tribulation,QLD,2720,,,,,,,,,,,,,,,,,,,,TRUE,CompAct,TRUE,FALSE,133/65 Belmore Rd ,,,NSW,2188,,,,,,,,,,,Mrs,Lynch,Carmen,Janet,,,81177221,,,,TRUE,267070,891634107,Greenwich IGA,FALSE,FALSE,35790,74450,6000,11320,,85770,40311.9,,19349.71,20962.19,15000,5962.15,A,3,39000,8500,30500,B,1,3000,,3000,C,1,1290,,1290,D,,0,E,,,,0,F,,,,0,G,1,3000,3000,0,J,,,,0,K,,,,0,L,,0,M,,,,0,N,,,0,P,7000,7000,8122014,,Curie Gill,,
,,,,,,,,,,,,,,,,,,,,,,,,,,,,,,,,,,,,,,,,,,,,,,,,,,,,,,,MANDATORY,,,,,,,,,,,,,,,,,,,,,,,,,,,,,,,,,,,,,,,,,,,,,,,,,,,,,,,,,,,,,,,,,,,,,,,,,,,,,,,,,,,,,,,,,,,,,,,,,,,,,,,
,,,,,,,,,,,,,,,,,,,,,,,,,,,,,,,,,,,,,,,,,,,,,,,,,,,,,,,MANDATORY,,,,,,,,,,,,,,,,,,,,,,,,,,,,,,,,,,,,,,,,,,,,,,,,,,,,,,,,,,,,,,,,,,,,,,,,,,,,,,,,,,,,,,,,,,,,,,,,,,,,,,,
Missing Business Address State,,00013000,,,,,121224211,78928626495,,,,,,,,,NonIndividual,Guardian Investments Limited,,,,,,FALSE,38 Ryker Road,,Cape Tribulation,QLD,2720,,,,,,,,,,,,,,,,,,,,TRUE,CompAct,TRUE,FALSE,133/65 Belmore Rd ,,Fairpark,,2188,,,,,,,,,,,Mrs,Lynch,Carmen,Janet,,,81177221,,,,TRUE,267070,891634107,Greenwich IGA,FALSE,FALSE,35790,74450,6000,11320,,85770,40311.9,,19349.71,20962.19,15000,5962.15,A,3,39000,8500,30500,B,1,3000,,3000,C,1,1290,,1290,D,,0,E,,,,0,F,,,,0,G,1,3000,3000,0,J,,,,0,K,,,,0,L,,0,M,,,,0,N,,,0,P,7000,7000,8122014,,Curie Gill,,
,,,,,,,,,,,,,,,,,,,,,,,,,,,,,,,,,,,,,,,,,,,,,,,,,,,,,,,,MANDATORY,VR.ATO.GEN.434147,,,,,,,,,,,,,,,,,,,,,,,,,,,,,,,,,,,,,,,,,,,,,,,,,,,,,,,,,,,,,,,,,,,,,,,,,,,,,,,,,,,,,,,,,,,,,,,,,,,,,
,,,,,,,,,,,,,,,,,,,,,,,,,,,,,,,,,,,,,,,,,,,,,,,,,,,,,,,,MANDATORY,CMN.ATO.GEN.434147,,,,,,,,,,,,,,,,,,,,,,,,,,,,,,,,,,,,,,,,,,,,,,,,,,,,,,,,,,,,,,,,,,,,,,,,,,,,,,,,,,,,,,,,,,,,,,,,,,,,,
Missing Business Address Postcode,,00013000,,,,,121224211,78928626495,,,,,,,,,NonIndividual,Guardian Investments Limited,,,,,,FALSE,38 Ryker Road,,Cape Tribulation,QLD,2720,,,,,,,,,,,,,,,,,,,,TRUE,CompAct,TRUE,FALSE,133/65 Belmore Rd ,,Fairpark,NSW,,,,,,,,,,,,Mrs,Lynch,Carmen,Janet,,,81177221,,,,TRUE,267070,891634107,Greenwich IGA,FALSE,FALSE,35790,74450,6000,11320,,85770,40311.9,,19349.71,20962.19,15000,5962.15,A,3,39000,8500,30500,B,1,3000,,3000,C,1,1290,,1290,D,,0,E,,,,0,F,,,,0,G,1,3000,3000,0,J,,,,0,K,,,,0,L,,0,M,,,,0,N,,,0,P,7000,7000,8122014,,Curie Gill,,
,,,,,,,,,,,,,,,,,,,,,,,,,,,,,,,,,,,,,,,,,,,,,,,,,,,,,,,,VR.ATO.GEN.434147,MANDATORY,,,,,,,,,,,,,,,,,,,,,,,,,,,,,,,,,,,,,,,,,,,,,,,,,,,,,,,,,,,,,,,,,,,,,,,,,,,,,,,,,,,,,,,,,,,,,,,,,,,,,
,,,,,,,,,,,,,,,,,,,,,,,,,,,,,,,,,,,,,,,,,,,,,,,,,,,,,,,,CMN.ATO.GEN.434147,MANDATORY,,,,,,,,,,,,,,,,,,,,,,,,,,,,,,,,,,,,,,,,,,,,,,,,,,,,,,,,,,,,,,,,,,,,,,,,,,,,,,,,,,,,,,,,,,,,,,,,,,,,,
USE_EXPECT_VALUE Missing Business Overseas Indicator,,00013000,,,,,121224211,78928626495,,,,,,,,,NonIndividual,Guardian Investments Limited,,,,,,FALSE,38 Ryker Road,,Cape Tribulation,QLD,2720,,,,,,,,,,,,,,,,,,,,TRUE,CompAct,TRUE,,133/65 Belmore Rd ,,Fairpark,NSW,2188,,,,,,,,,,,Mrs,Lynch,Carmen,Janet,,,81177221,,,,TRUE,267070,891634107,Greenwich IGA,FALSE,FALSE,35790,74450,6000,11320,,85770,40311.9,,19349.71,20962.19,15000,5962.15,A,3,39000,8500,30500,B,1,3000,,3000,C,1,1290,,1290,D,,0,E,,,,0,F,,,,0,G,1,3000,3000,0,J,,,,0,K,,,,0,L,,0,M,,,,0,N,,,0,P,7000,7000,8122014,,Curie Gill,,
,,,,,,,,,,,,,,,,,,,,,,,,,,,,,,,,,,,,,,,,,,,,,,,,,,,,MANDATORY,,,,,,,,,,,,,,,,,,,,,,,,,,,,,,,,,,,,,,,,,,,,,,,,,,,,,,,,,,,,,,,,,,,,,,,,,,,,,,,,,,,,,,,,,,,,,,,,,,,,,,,,,,
,,,,,,,,,,,,,,,,,,,,,,,,,,,,,,,,,,,,,,,,,,,,,,,,,,,,MANDATORY,,,,,,,,,,,,,,,,,,,,,,,,,,,,,,,,,,,,,,,,,,,,,,,,,,,,,,,,,,,,,,,,,,,,,,,,,,,,,,,,,,,,,,,,,,,,,,,,,,,,,,,,,,
Missing Previous TrustPartner Individual,,00013000,,,,,121224211,78928626495,,,,,,,,,NonIndividual,Guardian Investments Limited,,,,,,FALSE,38 Ryker Road,,Cape Tribulation,QLD,2720,,,,,,,,,,,,,,,,,,,,,,,,,,,,,,,TRUE,,,,,,,,Mrs,Lynch,Carmen,Janet,,,81177221,,,,TRUE,267070,891634107,Greenwich IGA,FALSE,FALSE,35790,74450,6000,11320,,85770,40311.9,,19349.71,20962.19,15000,5962.15,A,3,39000,8500,30500,B,1,3000,,3000,C,1,1290,,1290,D,,0,E,,,,0,F,,,,0,G,1,3000,3000,0,J,,,,0,K,,,,0,L,,0,M,,,,0,N,,,0,P,7000,7000,8122014,,Curie Gill,,
,,,,,,,,,,,,,,,,,,,,,,,,,,,,,,,,,,,,,,,,,,,,,,,,,,,,,,,,,,,,,MANDATORY,,,,,,,,,,,,,,,,,,,,,,,,,,,,,,,,,,,,,,,,,,,,,,,,,,,,,,,,,,,,,,,,,,,,,,,,,,,,,,,,,,,,,,,,,,,,,,,,,
,,,,,,,,,,,,,,,,,,,,,,,,,,,,,,,,,,,,,,,,,,,,,,,,,,,,,,,,,,,,,MANDATORY,,,,,,,,,,,,,,,,,,,,,,,,,,,,,,,,,,,,,,,,,,,,,,,,,,,,,,,,,,,,,,,,,,,,,,,,,,,,,,,,,,,,,,,,,,,,,,,,,
Missing Previous TrustPartner Individual FamilyName,,00013000,,,,,121224211,78928626495,,,,,,,,,NonIndividual,Guardian Investments Limited,,,,,,FALSE,38 Ryker Road,,Cape Tribulation,QLD,2720,,,,,,,,,,,,,,,,,,,,,,,,,,,,,,,TRUE,Individual,,,,,,,Mrs,Lynch,Carmen,Janet,,,81177221,,,,TRUE,267070,891634107,Greenwich IGA,FALSE,FALSE,35790,74450,6000,11320,,85770,40311.9,,19349.71,20962.19,15000,5962.15,A,3,39000,8500,30500,B,1,3000,,3000,C,1,1290,,1290,D,,0,E,,,,0,F,,,,0,G,1,3000,3000,0,J,,,,0,K,,,,0,L,,0,M,,,,0,N,,,0,P,7000,7000,8122014,,Curie Gill,,
,,,,,,,,,,,,,,,,,,,,,,,,,,,,,,,,,,,,,,,,,,,,,,,,,,,,,,,,,,,,,,,,MANDATORY,,,,,,,,,,,,,,,,,,,,,,,,,,,,,,,,,,,,,,,,,,,,,,,,,,,,,,,,,,,,,,,,,,,,,,,,,,,,,,,,,,,,,,,,,,,,,,
,,,,,,,,,,,,,,,,,,,,,,,,,,,,,,,,,,,,,,,,,,,,,,,,,,,,,,,,,,,,,,,,MANDATORY,,,,,,,,,,,,,,,,,,,,,,,,,,,,,,,,,,,,,,,,,,,,,,,,,,,,,,,,,,,,,,,,,,,,,,,,,,,,,,,,,,,,,,,,,,,,,,
Missing Previous TrustPartner NonIndividual OrgName,,00013000,,,,,121224211,78928626495,,,,,,,,,NonIndividual,Guardian Investments Limited,,,,,,FALSE,38 Ryker Road,,Cape Tribulation,QLD,2720,,,,,,,,,,,,,,,,,,,,,,,,,,,,,,,TRUE,NonIndividual,,,,,,,Mrs,Lynch,Carmen,Janet,,,81177221,,,,TRUE,267070,891634107,Greenwich IGA,FALSE,FALSE,35790,74450,6000,11320,,85770,40311.9,,19349.71,20962.19,15000,5962.15,A,3,39000,8500,30500,B,1,3000,,3000,C,1,1290,,1290,D,,0,E,,,,0,F,,,,0,G,1,3000,3000,0,J,,,,0,K,,,,0,L,,0,M,,,,0,N,,,0,P,7000,7000,8122014,,Curie Gill,,
,,,,,,,,,,,,,,,,,,,,,,,,,,,,,,,,,,,,,,,,,,,,,,,,,,,,,,,,,,,,,,MANDATORY,,,,,,,,,,,,,,,,,,,,,,,,,,,,,,,,,,,,,,,,,,,,,,,,,,,,,,,,,,,,,,,,,,,,,,,,,,,,,,,,,,,,,,,,,,,,,,,,
,,,,,,,,,,,,,,,,,,,,,,,,,,,,,,,,,,,,,,,,,,,,,,,,,,,,,,,,,,,,,,MANDATORY,,,,,,,,,,,,,,,,,,,,,,,,,,,,,,,,,,,,,,,,,,,,,,,,,,,,,,,,,,,,,,,,,,,,,,,,,,,,,,,,,,,,,,,,,,,,,,,,
Missing Contact Phone,,00013000,,,,,121224211,78928626495,,,,,,,,,NonIndividual,Guardian Investments Limited,,,,,,FALSE,38 Ryker Road,,Cape Tribulation,QLD,2720,,,,,,,,,,,,,,,,,,,,,,,,,,,,,,,,,,,,,,,Mrs,Lynch,Carmen,Janet,,,,,,,TRUE,267070,891634107,Greenwich IGA,FALSE,FALSE,35790,74450,6000,11320,,85770,40311.9,,19349.71,20962.19,15000,5962.15,A,3,39000,8500,30500,B,1,3000,,3000,C,1,1290,,1290,D,,0,E,,,,0,F,,,,0,G,1,3000,3000,0,J,,,,0,K,,,,0,L,,0,M,,,,0,N,,,0,P,7000,7000,8122014,,Curie Gill,,
,,,,,,,,,,,,,,,,,,,,,,,,,,,,,,,,,,,,,,,,,,,,,,,,,,,,,,,,,,,,,,,,,,,,,,,,,,VR.ATO.FBT.000424,,,,,,,,,,,,,,,,,,,,,,,,,,,,,,,,,,,,,,,,,,,,,,,,,,,,,,,,,,,,,,,,,,,,,,,,,,,,,,,,,,,,VR.ATO.FBT.000424
,,,,,,,,,,,,,,,,,,,,,,,,,,,,,,,,,,,,,,,,,,,,,,,,,,,,,,,,,,,,,,,,,,,,,,,,,,CMN.ATO.FBT.000424,,,,,,,,,,,,,,,,,,,,,,,,,,,,,,,,,,,,,,,,,,,,,,,,,,,,,,,,,,,,,,,,,,,,,,,,,,,,,,,,,,,,CMN.ATO.FBT.000424
Missing Bank BSB,,00013000,,,,,121224211,78928626495,,,,,,,,,NonIndividual,Guardian Investments Limited,,,,,,FALSE,38 Ryker Road,,Cape Tribulation,QLD,2720,,,,,,,,,,,,,,,,,,,,,,,,,,,,,,,,,,,,,,,Mrs,Lynch,Carmen,Janet,,,81177221,,,,TRUE,,891634107,Greenwich IGA,FALSE,FALSE,35790,74450,6000,11320,,85770,40311.9,,19349.71,20962.19,150000,-129037.81,A,3,39000,8500,30500,B,1,3000,,3000,C,1,1290,,1290,D,,0,E,,,,0,F,,,,0,G,1,3000,3000,0,J,,,,0,K,,,,0,L,,0,M,,,,0,N,,,0,P,7000,7000,8122014,,Curie Gill,,
,,,,,,,,,,,,,,,,,,,,,,,,,,,,,,,,,,,,,,,,,,,,,,,,,,,,,,,,,,,,,,,,,,,,,,,,,,,,,,,MANDATORY,,,,,,,,,,,,,,,,,,,,,,,,,,,,,,,,,,,,,,,,,,,,,,,,,,,,,,,,,,,,,,,,,,,,,,,,,,,,,,,
,,,,,,,,,,,,,,,,,,,,,,,,,,,,,,,,,,,,,,,,,,,,,,,,,,,,,,,,,,,,,,,,,,,,,,,,,,,,,,,MANDATORY,,,,,,,,,,,,,,,,,,,,,,,,,,,,,,,,,,,,,,,,,,,,,,,,,,,,,,,,,,,,,,,,,,,,,,,,,,,,,,,
Missing Bank AccNo,,00013000,,,,,121224211,78928626495,,,,,,,,,NonIndividual,Guardian Investments Limited,,,,,,FALSE,38 Ryker Road,,Cape Tribulation,QLD,2720,,,,,,,,,,,,,,,,,,,,,,,,,,,,,,,,,,,,,,,Mrs,Lynch,Carmen,Janet,,,81177221,,,,TRUE,267070,,Greenwich IGA,FALSE,FALSE,35790,74450,6000,11320,,85770,40311.9,,19349.71,20962.19,150000,-129037.81,A,3,39000,8500,30500,B,1,3000,,3000,C,1,1290,,1290,D,,0,E,,,,0,F,,,,0,G,1,3000,3000,0,J,,,,0,K,,,,0,L,,0,M,,,,0,N,,,0,P,7000,7000,8122014,,Curie Gill,,
,,,,,,,,,,,,,,,,,,,,,,,,,,,,,,,,,,,,,,,,,,,,,,,,,,,,,,,,,,,,,,,,,,,,,,,,,,,,,,,,MANDATORY,,,,,,,,,,,,,,,VR.ATO.FBT.100057,,,,,,,,,,,,,,,,,,,,,,,,,,,,,,,,,,,,,,,,,,,,,,,,,,,,,,,,,,,,,,,
,,,,,,,,,,,,,,,,,,,,,,,,,,,,,,,,,,,,,,,,,,,,,,,,,,,,,,,,,,,,,,,,,,,,,,,,,,,,,,,,MANDATORY,,,,,,,,,,,,,,,CMN.ATO.GEN.432268,,,,,,,,,,,,,,,,,,,,,,,,,,,,,,,,,,,,,,,,,,,,,,,,,,,,,,,,,,,,,,,
Missing Bank AccName,,00013000,,,,,121224211,78928626495,,,,,,,,,NonIndividual,Guardian Investments Limited,,,,,,FALSE,38 Ryker Road,,Cape Tribulation,QLD,2720,,,,,,,,,,,,,,,,,,,,,,,,,,,,,,,,,,,,,,,Mrs,Lynch,Carmen,Janet,,,81177221,,,,TRUE,267070,891634107,,FALSE,FALSE,35790,74450,6000,11320,,85770,40311.9,,19349.71,20962.19,150000,-129037.81,A,3,39000,8500,30500,B,1,3000,,3000,C,1,1290,,1290,D,,0,E,,,,0,F,,,,0,G,1,3000,3000,0,J,,,,0,K,,,,0,L,,0,M,,,,0,N,,,0,P,7000,7000,8122014,,Curie Gill,,
,,,,,,,,,,,,,,,,,,,,,,,,,,,,,,,,,,,,,,,,,,,,,,,,,,,,,,,,,,,,,,,,,,,,,,,,,,,,,,,,,MANDATORY,,,,,,,,,,,,,,,,,,,,,,,,,,,,,,,,,,,,,,,,,,,,,,,,,,,,,,,,,,,,,,,,,,,,,,,,,,,,,
,,,,,,,,,,,,,,,,,,,,,,,,,,,,,,,,,,,,,,,,,,,,,,,,,,,,,,,,,,,,,,,,,,,,,,,,,,,,,,,,,MANDATORY,,,,,,,,,,,,,,,,,,,,,,,,,,,,,,,,,,,,,,,,,,,,,,,,,,,,,,,,,,,,,,,,,,,,,,,,,,,,,
Missing FinalReturn Indicator,,00013000,,,,,121224211,78928626495,,,,,,,,,NonIndividual,Guardian Investments Limited,,,,,,FALSE,38 Ryker Road,,Cape Tribulation,QLD,2720,,,,,,,,,,,,,,,,,,,,,,,,,,,,,,,,,,,,,,,Mrs,Lynch,Carmen,Janet,,,81177221,,,,,267070,891634107,Greenwich IGA,FALSE,FALSE,35790,74450,6000,11320,,85770,40311.9,,19349.71,20962.19,15000,5962.15,A,3,39000,8500,30500,B,1,3000,,3000,C,1,1290,,1290,D,,0,E,,,,0,F,,,,0,G,1,3000,3000,0,J,,,,0,K,,,,0,L,,0,M,,,,0,N,,,0,P,7000,7000,8122014,,Curie Gill,,
,,,,,,,,,,,,,,,,,,,,,,,,,,,,,,,,,,,,,,,,,,,,,,,,,,,,,,,,,,,,,,,,,,,,,,,,,,,,,,MANDATORY,,,,,,,,,,,,,,,,,,,,,,,,,,,,,,,,,,,,,,,,,,,,,,,,,,,,,,,,,,,,,,,,,,,,,,,,,,,,,,,,
,,,,,,,,,,,,,,,,,,,,,,,,,,,,,,,,,,,,,,,,,,,,,,,,,,,,,,,,,,,,,,,,,,,,,,,,,,,,,,MANDATORY,,,,,,,,,,,,,,,,,,,,,,,,,,,,,,,,,,,,,,,,,,,,,,,,,,,,,,,,,,,,,,,,,,,,,,,,,,,,,,,,
Missing Tax Agent Number,,,,,,,121224211,78928626495,,,,,,,,,NonIndividual,Guardian Investments Limited,,,,,,FALSE,38 Ryker Road,,Cape Tribulation,QLD,2720,,,,,,,,,,,,,,,,,,,,,,,,,,,,,,,,,,,,,,,Mrs,Lynch,Carmen,Janet,,,81177221,,,,FALSE,267070,891634107,Greenwich IGA,FALSE,FALSE,35790,74450,6000,11320,,85770,40311.9,,19349.71,20962.19,15000,5962.15,A,3,39000,8500,30500,B,1,3000,,3000,C,1,1290,,1290,D,,0,E,,,,0,F,,,,0,G,1,3000,3000,0,J,,,,0,K,,,,0,L,,0,M,,,,0,N,,,0,P,7000,7000,8122014,,Curie Gill,,
,,MANDATORY,,,,,,,,,,,,,,,,,,,,,,,,,,,,,,,,,,,,,,,,,,,,,,,,,,,,,,,,,,,,,,,,,,,,,,,,,,,,,,,,,,,,,,,,,,,,,,,,,,,,,,,,,,,,,,,,,,,,,,,,,,,,,,,,,,,,,,,,,,,,,,,,,,,,,,,,,,,,
,,MANDATORY,,,,,,,,,,,,,,,,,,,,,,,,,,,,,,,,,,,,,,,,,,,,,,,,,,,,,,,,,,,,,,,,,,,,,,,,,,,,,,,,,,,,,,,,,,,,,,,,,,,,,,,,,,,,,,,,,,,,,,,,,,,,,,,,,,,,,,,,,,,,,,,,,,,,,,,,,,,,
Missing Tax Agent Name,,00013000,,,,,121224211,78928626495,,,,,,,,,NonIndividual,Guardian Investments Limited,,,,,,FALSE,38 Ryker Road,,Cape Tribulation,QLD,2720,,,,,,,,,,,,,,,,,,,,,,,,,,,,,,,,,,,,,,,Mrs,Lynch,Carmen,Janet,,,81177221,,,,FALSE,267070,891634107,Greenwich IGA,FALSE,FALSE,35790,74450,6000,11320,,85770,40311.9,,19349.71,20962.19,15000,5962.15,A,3,39000,8500,30500,B,1,3000,,3000,C,1,1290,,1290,D,,0,E,,,,0,F,,,,0,G,1,3000,3000,0,J,,,,0,K,,,,0,L,,0,M,,,,0,N,,,0,P,7000,7000,8122014,,,,
,,,,,,,,,,,,,,,,,,,,,,,,,,,,,,,,,,,,,,,,,,,,,,,,,,,,,,,,,,,,,,,,,,,,,,,,,,,,,,,,,,,,,,,,,,,,,,,,,,,,,,,,,,,,,,,,,,,,,,,,,,,,,,,,,,,,,,,,,,,,,,,,,,,,,,,,,,,,MANDATORY,,
,,,,,,,,,,,,,,,,,,,,,,,,,,,,,,,,,,,,,,,,,,,,,,,,,,,,,,,,,,,,,,,,,,,,,,,,,,,,,,,,,,,,,,,,,,,,,,,,,,,,,,,,,,,,,,,,,,,,,,,,,,,,,,,,,,,,,,,,,,,,,,,,,,,,,,,,,,,,MANDATORY,,
Missing SignatureDate,,00013000,,,,,121224211,78928626495,,,,,,,,,NonIndividual,Guardian Investments Limited,,,,,,FALSE,38 Ryker Road,,Cape Tribulation,QLD,2720,,,,,,,,,,,,,,,,,,,,,,,,,,,,,,,,,,,,,,,Mrs,Lynch,Carmen,Janet,,,81177221,,,,FALSE,267070,891634107,Greenwich IGA,FALSE,FALSE,35790,74450,6000,11320,,85770,40311.9,,19349.71,20962.19,15000,5962.15,A,3,39000,8500,30500,B,1,3000,,3000,C,1,1290,,1290,D,,0,E,,,,0,F,,,,0,G,1,3000,3000,0,J,,,,0,K,,,,0,L,,0,M,,,,0,N,,,0,P,7000,7000,,,Curie Gill,,
,,,,,,,,,,,,,,,,,,,,,,,,,,,,,,,,,,,,,,,,,,,,,,,,,,,,,,,,,,,,,,,,,,,,,,,,,,,,,,,,,,,,,,,,,,,,,,,,,,,,,,,,,,,,,,,,,,,,,,,,,,,,,,,,,,,,,,,,,,,,,,,,,,,,,,,,,,VR.ATO.FBT.000458,VR.ATO.FBT.000458,,,
,,,,,,,,,,,,,,,,,,,,,,,,,,,,,,,,,,,,,,,,,,,,,,,,,,,,,,,,,,,,,,,,,,,,,,,,,,,,,,,,,,,,,,,,,,,,,,,,,,,,,,,,,,,,,,,,,,,,,,,,,,,,,,,,,,,,,,,,,,,,,,,,,,,,,,,,,,CMN.ATO.FBT.000458,CMN.ATO.FBT.000458,,,
USE_EXPECT_VALUE Missing Total Taxable,,00013000,,,,,121224211,78928626495,,,,,,,,,NonIndividual,Guardian Investments Limited,,,,,,FALSE,38 Ryker Road,,Cape Tribulation,QLD,2720,,,,,,,,,,,,,,,,,,,,,,,,,,,,,,,,,,,,,,,Mrs,Lynch,Carmen,Janet,,,81177221,,,,FALSE,267070,891634107,Greenwich IGA,FALSE,FALSE,35790,74450,6000,11320,,,40311.9,,19349.71,20962.19,15000,5962.15,A,3,39000,8500,30500,B,1,3000,,3000,C,1,1290,,1290,D,,0,E,,,,0,F,,,,0,G,1,3000,3000,0,J,,,,0,K,,,,0,L,,0,M,,,,0,N,,,0,P,7000,7000,,8122014,Curie Gill,,
,,,,,,,,,,,,,,,,,,,,,,,,,,,,,,,,,,,,,,,,,,,,,,,,,,,,,,,,,,,,,,,,,,,,,,,,,,,,,,,,,,,,,,,,,MANDATORY,,,,,,,,,,,,,,,,,,,,,,,,,,,,,,,,,,,,,,,,,,,,,,,,,,,,,,,,,,,,,,,,,,,,,
,,,,,,,,,,,,,,,,,,,,,,,,,,,,,,,,,,,,,,,,,,,,,,,,,,,,,,,,,,,,,,,,,,,,,,,,,,,,,,,,,,,,,,,,,MANDATORY,,,,,,,,,,,,,,,,,,,,,,,,,,,,,,,,,,,,,,,,,,,,,,,,,,,,,,,,,,,,,,,,,,,,,
USE_EXPECT_VALUE Missing Payable,,00013000,,,,,121224211,78928626495,,,,,,,,,NonIndividual,Guardian Investments Limited,,,,,,FALSE,38 Ryker Road,,Cape Tribulation,QLD,2720,,,,,,,,,,,,,,,,,,,,,,,,,,,,,,,,,,,,,,,Mrs,Lynch,Carmen,Janet,,,81177221,,,,FALSE,267070,891634107,Greenwich IGA,FALSE,FALSE,35790,74450,6000,11320,,85770,,,19349.71,20962.19,15000,5962.15,A,3,39000,8500,30500,B,1,3000,,3000,C,1,1290,,1290,D,,0,E,,,,0,F,,,,0,G,1,3000,3000,0,J,,,,0,K,,,,0,L,,0,M,,,,0,N,,,0,P,7000,7000,,8122014,Curie Gill,,
,,,,,,,,,,,,,,,,,,,,,,,,,,,,,,,,,,,,,,,,,,,,,,,,,,,,,,,,,,,,,,,,,,,,,,,,,,,,,,,,,,,,,,,,,,MANDATORY,,,,,,,,,,,,,,,,,,,,,,,,,,,,,,,,,,,,,,,,,,,,,,,,,,,,,,,,,,,,,,,,,,,,
,,,,,,,,,,,,,,,,,,,,,,,,,,,,,,,,,,,,,,,,,,,,,,,,,,,,,,,,,,,,,,,,,,,,,,,,,,,,,,,,,,,,,,,,,,MANDATORY,,,,,,,,,,,,,,,,,,,,,,,,,,,,,,,,,,,,,,,,,,,,,,,,,,,,,,,,,,,,,,,,,,,,
USE_EXPECT_VALUE Missing SubTotal,,00013000,,,,,121224211,78928626495,,,,,,,,,NonIndividual,Guardian Investments Limited,,,,,,FALSE,38 Ryker Road,,Cape Tribulation,QLD,2720,,,,,,,,,,,,,,,,,,,,,,,,,,,,,,,,,,,,,,,Mrs,Lynch,Carmen,Janet,,,81177221,,,,FALSE,267070,891634107,Greenwich IGA,FALSE,FALSE,35790,74450,6000,11320,,85770,40311.9,,19349.71,,15000,5962.15,A,3,39000,8500,30500,B,1,3000,,3000,C,1,1290,,1290,D,,0,E,,,,0,F,,,,0,G,1,3000,3000,0,J,,,,0,K,,,,0,L,,0,M,,,,0,N,,,0,P,7000,7000,,8122014,Curie Gill,,
,,,,,,,,,,,,,,,,,,,,,,,,,,,,,,,,,,,,,,,,,,,,,,,,,,,,,,,,,,,,,,,,,,,,,,,,,,,,,,,,,,,,,,,,,,,,,MANDATORY,,,,,,,,,,,,,,,,,,,,,,,,,,,,,,,,,,,,,,,,,,,,,,,,,,,,,,,,,,,,,,,,,
,,,,,,,,,,,,,,,,,,,,,,,,,,,,,,,,,,,,,,,,,,,,,,,,,,,,,,,,,,,,,,,,,,,,,,,,,,,,,,,,,,,,,,,,,,,,,MANDATORY,,,,,,,,,,,,,,,,,,,,,,,,,,,,,,,,,,,,,,,,,,,,,,,,,,,,,,,,,,,,,,,,,
USE_EXPECT_VALUE Missing DueAmount,,00013000,,,,,121224211,78928626495,,,,,,,,,NonIndividual,Guardian Investments Limited,,,,,,FALSE,38 Ryker Road,,Cape Tribulation,QLD,2720,,,,,,,,,,,,,,,,,,,,,,,,,,,,,,,,,,,,,,,Mrs,Lynch,Carmen,Janet,,,81177221,,,,FALSE,267070,891634107,Greenwich IGA,FALSE,FALSE,35790,74450,6000,11320,,85770,40311.9,,19349.71,20962.19,15000,,A,3,39000,8500,30500,B,1,3000,,3000,C,1,1290,,1290,D,,0,E,,,,0,F,,,,0,G,1,3000,3000,0,J,,,,0,K,,,,0,L,,0,M,,,,0,N,,,0,P,7000,7000,,8122014,Curie Gill,,
,,,,,,,,,,,,,,,,,,,,,,,,,,,,,,,,,,,,,,,,,,,,,,,,,,,,,,,,,,,,,,,,,,,,,,,,,,,,,,,,,,,,,,,,,,,,,,,MANDATORY,,,,,,,,,,,,,,,,,,,,,,,,,,,,,,,,,,,,,,,,,,,,,,,,,,,,,,,,,,,,,,,
,,,,,,,,,,,,,,,,,,,,,,,,,,,,,,,,,,,,,,,,,,,,,,,,,,,,,,,,,,,,,,,,,,,,,,,,,,,,,,,,,,,,,,,,,,,,,,,MANDATORY,,,,,,,,,,,,,,,,,,,,,,,,,,,,,,,,,,,,,,,,,,,,,,,,,,,,,,,,,,,,,,,