MYOB Name,Intermediary.Identifiers.TaxAgentClientReference.Text,Intermediary.Identifiers.TaxAgentNumber.Identifier,ReportingParty.Report.Amendment.Indicator,ReportingParty.Report.AmendmentSequence.Number,ReportingParty.Report.AmendmentType.Code,ReportingParty.Report.AmendmentReason.Text,ReportingParty.Identifiers.TaxFileNumber.Identifier,ReportingParty.Identifiers.AustralianBusinessNumber.Identifier,Myob.ReportingParty.TrusteeSeniorPartner.Required,Myob.ReportingParty.TrusteeSeniorPartner.IndividualOrNonIndividual,ReportingParty.TrusteeSeniorPartner.OrganisationNameDetails.OrganisationalName.Text,ReportingParty.TrusteeSeniorPartner.PersonNameDetails.Title.Text,ReportingParty.TrusteeSeniorPartner.PersonNameDetails.FamilyName.,ReportingParty.TrusteeSeniorPartner.PersonNameDetails.GivenName.Text,ReportingParty.TrusteeSeniorPartner.PersonNameDetails.OtherGivenName.Text,ReportingParty.TrusteeSeniorPartner.PersonNameDetails.NameSuffix.Text,ReportingParty.Employer.OrganisationNameDetails.OrganisationalName.Text,ReportingParty.Employer.PersonNameDetails.Title.Text,ReportingParty.Employer.PersonNameDetails.FamilyName.Text,ReportingParty.Employer.PersonNameDetails.GivenName.Text,ReportingParty.Employer.PersonNameDetails.OtherGivenName.Text,ReportingParty.Employer.PersonNameDetails.NameSuffix.Text,ReportingParty.Employer.Postal.AddressDetails.OverseasAddress.Indicator,ReportingParty.Employer.Postal.AddressDetails.Line1.Text,ReportingParty.Employer.Postal.AddressDetails.Line2.Text,ReportingParty.Employer.Postal.AddressDetails.LocalityName.Text,ReportingParty.Employer.Postal.AddressDetails.StateOrTerritory.Code,ReportingParty.Employer.Postal.AddressDetails.Postcode.Text,ReportingParty.Employer.Postal.AddressDetails.Country.Code,ReportingParty.Employer.Postal.AddressDetails.CountryName.Text,Myob.ReportingParty.Employer.Previous.Name.Required,Myob.ReportingParty.Employer.Previous.IndividualOrNonIndividual,ReportingParty.Employer.Previous.OrganisationNameDetails.OrganisationalName.Text,ReportingParty.Employer.Previous.PersonNameDetails.Title.Text,ReportingParty.Employer.Previous.PersonNameDetails.FamilyName.Text,ReportingParty.Employer.Previous.PersonNameDetails.GivenName.Text,ReportingParty.Employer.Previous.PersonNameDetails.OtherGivenName.Text,ReportingParty.Employer.Previous.PersonNameDetails.NameSuffix.Text,Myob.ReportingParty.Employer.Previous.Required,ReportingParty.Employer.Previous.AddressDetails.OverseasAddress.Indicator,ReportingParty.Employer.Previous.Postal.AddressDetails.Line1.Text,ReportingParty.Employer.Previous.Postal.AddressDetails.Line2.Text,ReportingParty.Employer.Previous.Postal.AddressDetails.LocalityName.Text,ReportingParty.Employer.Previous.Postal.AddressDetails.StateOrTerritory.Code,ReportingParty.Employer.Previous.Postal.AddressDetails.Postcode.Text,ReportingParty.Employer.Previous.Postal.AddressDetails.Country.Code,ReportingParty.Employer.Previous.Postal.AddressDetails.CountryName.Text,ReportingParty.BusinessTradingName.OrganisationNameDetails.OrganisationalName.Text,Myob.ReportingParty.BusinessTradingAddress.Required,ReportingParty.BusinessTradingAddress.AddressDetails.OverseasAddress.Indicator,ReportingParty.BusinessTradingAddress.AddressDetails.Line1.Text,ReportingParty.BusinessTradingAddress.AddressDetails.Line2.Text,ReportingParty.BusinessTradingAddress.AddressDetails.LocalityName.Text,ReportingParty.BusinessTradingAddress.AddressDetails.StateOrTerritory.Code,ReportingParty.BusinessTradingAddress.AddressDetails.Postcode.Text,ReportingParty.BusinessTradingAddress.AddressDetails.Country.Code,ReportingParty.BusinessTradingAddress.AddressDetails.CountryName.Text,ReportingParty.TrusteeSeniorPartner.Previous.OrganisationNameDetails.OrganisationalName.Text,ReportingParty.TrusteeSeniorPartner.Previous.PersonNameDetails.Title.Text,ReportingParty.TrusteeSeniorPartner.Previous.PersonNameDetails.FamilyName.Text,ReportingParty.TrusteeSeniorPartner.Previous.PersonNameDetails.GivenName.Text,ReportingParty.TrusteeSeniorPartner.Previous.PersonNameDetails.OtherGivenName.Text,ReportingParty.TrusteeSeniorPartner.Previous.PersonNameDetails.NameSuffix.Text,ReportingParty.Contact.Title.Text,ReportingParty.Contact.FamilyName.Text,ReportingParty.Contact.GivenName.Text,ReportingParty.Contact.OtherGivenName.Text,ReportingParty.Contact.NameSuffix.Text,ReportingParty.ElectronicContact.Telephone.Area.Code,ReportingParty.ElectronicContact.Telephone.Minimal.Number,ReportingParty.ElectronicContact.ElectronicMail.Address.Text,ReportingParty.Remuneration.FringeBenefits.Recipients.Count,ReportingParty.Report.CompletionHours.Number,ReportingParty.Lodgment.FinalReturn.Indicator,ReportingParty.FinancialInstitutionAccount.BankStateBranch.Number,ReportingParty.FinancialInstitutionAccount.FinancialInstitutionAccount.Number,ReportingParty.FinancialInstitutionAccount.FinancialInstitutionAccountName.Text,Myob.FringeBenefits.RebatableEmployer,Myob.FringeBenefits.PublicBenevolentInstitution,ReportingParty.Remuneration.FringeBenefits.Type1Aggregate.Amount,ReportingParty.FringeBenefitsTax.Type1Aggregate.Amount,ReportingParty.Remuneration.FringeBenefits.Type2Aggregate.Amount,ReportingParty.FringeBenefitsTax.Type2Aggregate.Amount,ReportingParty.Remuneration.FringeBenefits.AggregateNonExempt.Amount,ReportingParty.Remuneration.FringeBenefits.TaxableTotal.Amount,ReportingParty.FringeBenefitsTax.Payable.Amount,ReportingParty.FringeBenefitsTax.NonRebatableAggregate.Amount,ReportingParty.FringeBenefitsTax.Rebate.Amount,ReportingParty.FringeBenefitsTax.Liability.Amount,ReportingParty.FringeBenefitsTax.LiabilityInstalmentsTotal.Amount,ReportingParty.FringeBenefitsTax.AdjustmentDue.Amount,ReportingParty.CarsStatutoryFormula.Remuneration.FringeBenefits.Type.Code,ReportingParty.CarsStatutoryFormula.Remuneration.FringeBenefits.ItemsProvided.Number,ReportingParty.CarsStatutoryFormula.Remuneration.FringeBenefits.BenefitGrossTaxable.Amount,ReportingParty.CarsStatutoryFormula.Remuneration.FringeBenefits.EmployeeContribution.Amount,ReportingParty.CarsStatutoryFormula.Remuneration.FringeBenefits.BenefitNetTaxable.Amount,ReportingParty.CarsOperatingCost.Remuneration.FringeBenefits.Type.Code,ReportingParty.CarsOperatingCost.Remuneration.FringeBenefits.ItemsProvided.Number,ReportingParty.CarsOperatingCost.Remuneration.FringeBenefits.BenefitGrossTaxable.Amount,ReportingParty.CarsOperatingCost.Remuneration.FringeBenefits.EmployeeContribution.Amount,ReportingParty.CarsOperatingCost.Remuneration.FringeBenefits.BenefitNetTaxable.Amount,ReportingParty.LoansGranted.Remuneration.FringeBenefits.Type.Code,ReportingParty.LoansGranted.Remuneration.FringeBenefits.ItemsProvided.Number,ReportingParty.LoansGranted.Remuneration.FringeBenefits.BenefitGrossTaxable.Amount,ReportingParty.LoansGranted.Remuneration.FringeBenefits.Reduction.Amount,ReportingParty.LoansGranted.Remuneration.FringeBenefits.BenefitNetTaxable.Amount,ReportingParty.DebtWaiver.Remuneration.FringeBenefits.Type.Code,ReportingParty.DebtWaiver.Remuneration.FringeBenefits.BenefitGrossTaxable.Amount,ReportingParty.DebtWaiver.Remuneration.FringeBenefits.BenefitNetTaxable.Amount,ReportingParty.ExpensePayment.Remuneration.FringeBenefits.Type.Code,ReportingParty.ExpensePayment.Remuneration.FringeBenefits.BenefitGrossTaxable.Amount,ReportingParty.ExpensePayment.Remuneration.FringeBenefits.EmployeeContribution.Amount,ReportingParty.ExpensePayment.Remuneration.FringeBenefits.Reduction.Amount,ReportingParty.ExpensePayment.Remuneration.FringeBenefits.BenefitNetTaxable.Amount,ReportingParty.Housing.Remuneration.FringeBenefits.Type.Code,ReportingParty.Housing.Remuneration.FringeBenefits.ItemsProvided.Number,ReportingParty.Housing.Remuneration.FringeBenefits.BenefitGrossTaxable.Amount,ReportingParty.Housing.Remuneration.FringeBenefits.EmployeeContribution.Amount,ReportingParty.Housing.Remuneration.FringeBenefits.BenefitNetTaxable.Amount,ReportingParty.EmployeeReceiving.Remuneration.FringeBenefits.Type.Code,ReportingParty.EmployeeReceiving.Remuneration.FringeBenefits.ItemsProvided.Number,ReportingParty.EmployeeReceiving.Remuneration.FringeBenefits.BenefitGrossTaxable.Amount,ReportingParty.EmployeeReceiving.Remuneration.FringeBenefits.Reduction.Amount,ReportingParty.EmployeeReceiving.Remuneration.FringeBenefits.BenefitNetTaxable.Amount,ReportingParty.Board.Remuneration.FringeBenefits.Type.Code,ReportingParty.Board.Remuneration.FringeBenefits.BenefitGrossTaxable.Amount,ReportingParty.Board.Remuneration.FringeBenefits.EmployeeContribution.Amount,ReportingParty.Board.Remuneration.FringeBenefits.Reduction.Amount,ReportingParty.Board.Remuneration.FringeBenefits.BenefitNetTaxable.Amount,ReportingParty.Property.Remuneration.FringeBenefits.Type.Code,ReportingParty.Property.Remuneration.FringeBenefits.BenefitGrossTaxable.Amount,ReportingParty.Property.Remuneration.FringeBenefits.EmployeeContribution.Amount,ReportingParty.Property.Remuneration.FringeBenefits.Reduction.Amount,ReportingParty.Property.Remuneration.FringeBenefits.BenefitNetTaxable.Amount,ReportingParty.IncomeTaxExempt.Remuneration.FringeBenefits.Type.Code,ReportingParty.IncomeTaxExempt.Remuneration.FringeBenefits.BenefitGrossTaxable.Amount,ReportingParty.IncomeTaxExempt.Remuneration.FringeBenefits.BenefitNetTaxable.Amount,ReportingParty.OtherBenefits.Remuneration.FringeBenefits.Type.Code,ReportingParty.OtherBenefits.Remuneration.FringeBenefits.BenefitGrossTaxable.Amount,ReportingParty.OtherBenefits.Remuneration.FringeBenefits.EmployeeContribution.Amount,ReportingParty.OtherBenefits.Remuneration.FringeBenefits.Reduction.Amount,ReportingParty.OtherBenefits.Remuneration.FringeBenefits.BenefitNetTaxable.Amount,ReportingParty.CarParking.Remuneration.FringeBenefits.Type.Code,ReportingParty.CarParking.Remuneration.FringeBenefits.BenefitGrossTaxable.Amount,ReportingParty.CarParking.Remuneration.FringeBenefits.EmployeeContribution.Amount,ReportingParty.CarParking.Remuneration.FringeBenefits.BenefitNetTaxable.Amount,ReportingParty.MealEntertainment.Remuneration.FringeBenefits.Type.Code,ReportingParty.MealEntertainment.Remuneration.FringeBenefits.BenefitGrossTaxable.Amount,ReportingParty.MealEntertainment.Remuneration.FringeBenefits.BenefitNetTaxable.Amount,Intermediary.Declaration.Signature.Date,ReportingParty.Declaration.Signature.Date,Intermediary.PersonUnstructuredName.FullName.Text,Intermediary.ElectronicContact.Telephone.Area.Code,Intermediary.ElectronicContact.Telephone.Minimal.Number,Intermediary.Identifiers.TaxAgentClientReference.Text
ELS Tag,AWR,AAE,,IJH,JGY,JHD,AAD,EBN,,,ACU,ABE,ABF,ABG,BBB,,AAU,BGH,BGI,BGK,BGL,BGJ,,ABH,ABH,AME,AMF,APE,,AMG,,,BKZ,BGP,BKW,BKX,BKY,BFV,,,ABJ,ABJ,AUT,AUU,APG,,AUV,AVO,,,AVY,AVY,AJP,AJX,APD,,CCB,FWW,FWR,FWS,FWU,FWV,FWT,BJO,AXA,AXB,BFB,BJP,BJQ,BLK,DZD,FYR,DYF,BGW,ABV,BFE,ANH,,,FZA,FZB,FZC,FZD,FZE,BJC,BJE,GST,BJF,BJG,BJL,BJM,,BHA,BHB,BHC,BHD,,BHE,BHF,BHG,BHI,,FWY,BHK,BHL,BHM,,BHO,BHP,,BHQ,BHR,BHS,BHT,,BHU,BHV,BHW,BHX,,BHY,BHZ,IJW,BIA,,BIH,BII,BIJ,BIK,,BIM,BIN,BIO,BIP,,BIQ,BIR,,BIS,BIT,BIU,BIV,,BIX,BIY,BIZ,,BJA,BJB,,,ACR,BLI,BLJ,AWB
Editable,TRUE,TRUE,TRUE,TRUE,TRUE,TRUE,TRUE,TRUE,TRUE,TRUE,TRUE,TRUE,TRUE,TRUE,TRUE,TRUE,TRUE,TRUE,TRUE,TRUE,TRUE,TRUE,TRUE,TRUE,TRUE,TRUE,TRUE,TRUE,TRUE,TRUE,TRUE,TRUE,TRUE,TRUE,TRUE,TRUE,TRUE,TRUE,TRUE,TRUE,TRUE,TRUE,TRUE,TRUE,TRUE,TRUE,TRUE,TRUE,TRUE,TRUE,TRUE,TRUE,TRUE,TRUE,TRUE,TRUE,TRUE,TRUE,TRUE,TRUE,TRUE,TRUE,TRUE,TRUE,TRUE,TRUE,TRUE,TRUE,TRUE,TRUE,TRUE,TRUE,TRUE,TRUE,TRUE,TRUE,TRUE,TRUE,TRUE,TRUE,TRUE,TRUE,TRUE,TRUE,TRUE,TRUE,TRUE,TRUE,TRUE,TRUE,TRUE,FALSE,TRUE,TRUE,TRUE,TRUE,FALSE,TRUE,TRUE,TRUE,TRUE,FALSE,TRUE,TRUE,TRUE,TRUE,FALSE,TRUE,TRUE,FALSE,TRUE,TRUE,TRUE,TRUE,FALSE,TRUE,TRUE,TRUE,TRUE,FALSE,TRUE,TRUE,TRUE,TRUE,FALSE,TRUE,TRUE,TRUE,TRUE,FALSE,TRUE,TRUE,TRUE,TRUE,FALSE,TRUE,TRUE,FALSE,TRUE,TRUE,TRUE,TRUE,FALSE,TRUE,TRUE,TRUE,FALSE,TRUE,TRUE,TRUE,TRUE,TRUE,TRUE,TRUE,TRUE
User Input,TRUE,TRUE,FALSE,FALSE,TRUE?,TRUE,TRUE,TRUE,TRUE,TRUE,TRUE,TRUE,TRUE,TRUE,TRUE,TRUE,TRUE,TRUE,TRUE,TRUE,TRUE,TRUE,TRUE,TRUE,TRUE,TRUE,TRUE,TRUE,TRUE,TRUE,TRUE,FALSE,TRUE,TRUE,TRUE,TRUE,TRUE,TRUE,TRUE,TRUE,TRUE,TRUE,TRUE,TRUE,TRUE,TRUE,TRUE,TRUE,TRUE,TRUE,TRUE,TRUE,TRUE,TRUE,TRUE,TRUE,TRUE,TRUE,TRUE,TRUE,TRUE,TRUE,TRUE,TRUE,TRUE,TRUE,TRUE,TRUE,TRUE,TRUE,TRUE,TRUE,TRUE,TRUE,TRUE,TRUE,TRUE,TRUE,TRUE,TRUE,FALSE,TRUE,FALSE,TRUE,FALSE,FALSE,TRUE,FALSE,FALSE,TRUE,FALSE,FALSE,TRUE,TRUE,TRUE,FALSE,FALSE,TRUE,TRUE,TRUE,FALSE,FALSE,TRUE,TRUE,TRUE,FALSE,FALSE,TRUE,FALSE,FALSE,TRUE,TRUE,TRUE,FALSE,FALSE,TRUE,TRUE,TRUE,FALSE,FALSE,TRUE,TRUE,TRUE,FALSE,FALSE,TRUE,TRUE,TRUE,FALSE,FALSE,TRUE,TRUE,TRUE,FALSE,FALSE,TRUE,FALSE,FALSE,TRUE,TRUE,TRUE,FALSE,FALSE,TRUE,TRUE,FALSE,FALSE,TRUE,FALSE,TRUE,TRUE,TRUE,TRUE,TRUE,TRUE
AustAdd invalid state Postal,,,,,,,121224211,78928626495,,,,,,,,,Guardian Investments Limited,,,,,,FALSE,44 Dossiter Street,,Lower Longley,TA,7109,,,,,,,,,,,,,,,,,,,,,,,,,,,,,,,,,,,,Mrs,Lynch,Carmen,Janet,,,,,,,TRUE,267639,60095076,LeChance Pty Limited,FALSE,FALSE,35790,74450,6000,11320,,85770,40311.9,,19349.71,20962.19,15000,5962.15,A,3,39000,8500,30500,B,1,3000,,3000,C,1,1290,,1290,D,,0,E,,,,0,F,,,,0,G,1,3000,3000,0,J,,,,0,K,,,,0,L,,0,M,,,,0,N,,,0,P,7000,7000,,,,8,87825018,
,,,,,,,,,,,,,,,,,,,,,,,,,,,VR.ATO.GEN.300003,,,,,,,,,,,,,,,,,,,,,,,,,,,,,,,,,,,,,,,,,,,,,,,,,,,,,,,,,,,,,,,,,,,,,,,,,,,,,,,,,,,,,,,,,,,,,,,,,,,,,,,,,,,,,,,,,,,,,,,,,,,,,,,,
,,,,,,,,,,,,,,,,,,,,,,,,,,,CMN.ATO.GEN.300003,,,,,,,,,,,,,,,,,,,,,,,,,,,,,,,,,,,,,,,,,,,,,,,,,,,,,,,,,,,,,,,,,,,,,,,,,,,,,,,,,,,,,,,,,,,,,,,,,,,,,,,,,,,,,,,,,,,,,,,,,,,,,,,,
AustAdd invalid state PostalPrevious,,,,,,,121224211,78928626495,,,,,,,,,Guardian Investments Limited,,,,,,FALSE,44 Dossiter Street,,Lower Longley,TAS,7109,,,,,,,,,,,TRUE,FALSE,14 Quoin Road,,Gravelly Beach,SW,7276,,,,,,,,,,,,,,,,,,,Mrs,Lynch,Carmen,Janet,,,,,,,TRUE,267639,60095076,LeChance Pty Limited,FALSE,FALSE,35790,74450,6000,11320,,85770,40311.9,,19349.71,20962.19,15000,5962.15,A,3,39000,8500,30500,B,1,3000,,3000,C,1,1290,,1290,D,,0,E,,,,0,F,,,,0,G,1,3000,3000,0,J,,,,0,K,,,,0,L,,0,M,,,,0,N,,,0,P,7000,7000,,,,8,87825018,
,,,,,,,,,,,,,,,,,,,,,,,,,,,,,,,,,,,,,,,,,,,,VR.ATO.GEN.300003,,,,,,,,,,,,,,,,,,,,,,,,,,,,,,,,,,,,,,,,,,,,,,,,,,,,,,,,,,,,,,,,,,,,,,,,,,,,,,,,,,,,,,,,,,,,,,,,,,,,,,,,,,,,,,,
,,,,,,,,,,,,,,,,,,,,,,,,,,,,,,,,,,,,,,,,,,,,CMN.ATO.GEN.300003,,,,,,,,,,,,,,,,,,,,,,,,,,,,,,,,,,,,,,,,,,,,,,,,,,,,,,,,,,,,,,,,,,,,,,,,,,,,,,,,,,,,,,,,,,,,,,,,,,,,,,,,,,,,,,,
AustAdd invalid state Trading,,,,,,,121224211,78928626495,,,,,,,,,Guardian Investments Limited,,,,,,FALSE,14 Quoin Road,,Gravelly Beach,NSW,7276,,,,,,,,,,,,,,,,,,,,Infinity Investments Pty Limited,TRUE,FALSE,PO Box 9875,,Mount Tomah,Queensland,2758,,,,,,,,,Mrs,Lynch,Carmen,Janet,,,,,,,TRUE,267639,60095076,LeChance Pty Limited,FALSE,FALSE,35790,74450,6000,11320,,85770,40311.9,,19349.71,20962.19,15000,5962.15,A,3,39000,8500,30500,B,1,3000,,3000,C,1,1290,,1290,D,,0,E,,,,0,F,,,,0,G,1,3000,3000,0,J,,,,0,K,,,,0,L,,0,M,,,,0,N,,,0,P,7000,7000,,,,8,87825018,
,,,,,,,,,,,,,,,,,,,,,,,,,,,,,,,,,,,,,,,,,,,,,,,,,,,,,,VR.ATO.GEN.300003,,,,,,,,,,,,,,,,,,,,,,,,,,,,,,,,,,,,,,,,,,,,,,,,,,,,,,,,,,,,,,,,,,,,,,,,,,,,,,,,,,,,,,,,,,,,,,,,,,,,,
,,,,,,,,,,,,,,,,,,,,,,,,,,,,,,,,,,,,,,,,,,,,,,,,,,,,,,CMN.ATO.GEN.300003,,,,,,,,,,,,,,,,,,,,,,,,,,,,,,,,,,,,,,,,,,,,,,,,,,,,,,,,,,,,,,,,,,,,,,,,,,,,,,,,,,,,,,,,,,,,,,,,,,,,,
Address line 2 not presente where line 1 contains C/- Postal,,,,,,,121224211,78928626495,,,,,,,,,Guardian Investments Limited,,,,,,FALSE,C/- Rachael Carson,,Molloy Island,ACT,2440,,,,,,,,,,,,,,,,,,,,,,,,,,,,,,,,,,,,Mrs,Lynch,Carmen,Janet,,,,,,,TRUE,267639,60095076,LeChance Pty Limited,FALSE,FALSE,35790,74450,6000,11320,,85770,40311.9,,19349.71,20962.19,15000,5962.15,A,3,39000,8500,30500,B,1,3000,,3000,C,1,1290,,1290,D,,0,E,,,,0,F,,,,0,G,1,3000,3000,0,J,,,,0,K,,,,0,L,,0,M,,,,0,N,,,0,P,7000,7000,,,,8,87825018,
,,,,,,,,,,,,,,,,,,,,,,,,VR.ATO.GEN.410002,,,,,,,,,,,,,,,,,,,,,,,,,,,,,,,,,,,,,,,,,,,,,,,,,,,,,,,,,,,,,,,,,,,,,,,,,,,,,,,,,,,,,,,,,,,,,,,,,,,,,,,,,,,,,,,,,,,,,,,,,,,,,,,,,,,
,,,,,,,,,,,,,,,,,,,,,,,,CMN.ATO.GEN.410002,,,,,,,,,,,,,,,,,,,,,,,,,,,,,,,,,,,,,,,,,,,,,,,,,,,,,,,,,,,,,,,,,,,,,,,,,,,,,,,,,,,,,,,,,,,,,,,,,,,,,,,,,,,,,,,,,,,,,,,,,,,,,,,,,,,
Address line 2 not presente where line 1 contains C/- PostalPrevious,,,,,,,121224211,78928626495,,,,,,,,,Guardian Investments Limited,,,,,,FALSE,C/- Rachael Carson,26 Maritime Avenue,Molloy Island,SA,6503,,,,,,,,,,Infinity Investments Pty Limited,TRUE,TRUE,C/- Rachael Carson,,Auckland,,,nz,,,,,,,,,,,,,,,,,,Mrs,Lynch,Carmen,Janet,,,,,,,TRUE,267639,60095076,LeChance Pty Limited,FALSE,FALSE,35790,74450,6000,11320,,85770,40311.9,,19349.71,20962.19,15000,5962.15,A,3,39000,8500,30500,B,1,3000,,3000,C,1,1290,,1290,D,,0,E,,,,0,F,,,,0,G,1,3000,3000,0,J,,,,0,K,,,,0,L,,0,M,,,,0,N,,,0,P,7000,7000,,,,8,87825018,
,,,,,,,,,,,,,,,,,,,,,,,,,,,,,,,,,,,,,,,,,VR.ATO.GEN.410002,,,,,,,,,,,,,,,,,,,,,,,,,,,,,,,,,,,,,,,,,,,,,,,,,,,,,,,,,,,,,,,,,,,,,,,,,,,,,,,,,,,,,,,,,,,,,,,,,,,,,,,,,,,,,,,,,,
,,,,,,,,,,,,,,,,,,,,,,,,,,,,,,,,,,,,,,,,,CMN.ATO.GEN.410002,,,,,,,,,,,,,,,,,,,,,,,,,,,,,,,,,,,,,,,,,,,,,,,,,,,,,,,,,,,,,,,,,,,,,,,,,,,,,,,,,,,,,,,,,,,,,,,,,,,,,,,,,,,,,,,,,,
Address line 2 not presente where line 1 contains C/- Trading,,,,,,,121224211,78928626495,,,,,,,,,Guardian Investments Limited,,,,,,FALSE,C/- Rachael Carson,26 Maritime Avenue,Molloy Island,SA,6503,,,,,,,,,,,,,,,,,,,,Infinity Investments Pty Limited,TRUE,FALSE,C/- Rachael Carson,,Molloy Island,ACT,2440,,,,,,,,,Mrs,Lynch,Carmen,Janet,,,,,,,TRUE,267639,60095076,LeChance Pty Limited,FALSE,FALSE,35790,74450,6000,11320,,85770,40311.9,,19349.71,20962.19,15000,5962.15,A,3,39000,8500,30500,B,1,3000,,3000,C,1,1290,,1290,D,,0,E,,,,0,F,,,,0,G,1,3000,3000,0,J,,,,0,K,,,,0,L,,0,M,,,,0,N,,,0,P,7000,7000,,,,8,87825018,
,,,,,,,,,,,,,,,,,,,,,,,,,,,,,,,,,,,,,,,,,,,,,,,,,,,VR.ATO.GEN.410002,,,,,,,,,,,,,,,,,,,,,,,,,,,,,,,,,,,,,,,,,,,,,,,,,,,,,,,,,,,,,,,,,,,,,,,,,,,,,,,,,,,,,,,,,,,,,,,,,,,,,,,,
,,,,,,,,,,,,,,,,,,,,,,,,,,,,,,,,,,,,,,,,,,,,,,,,,,,CMN.ATO.GEN.410002,,,,,,,,,,,,,,,,,,,,,,,,,,,,,,,,,,,,,,,,,,,,,,,,,,,,,,,,,,,,,,,,,,,,,,,,,,,,,,,,,,,,,,,,,,,,,,,,,,,,,,,,
AustAdd no state Postal,,,,,,,121224211,78928626495,,,,,,,,,Guardian Investments Limited,,,,,,FALSE,53 Paradise Falls Road,,Londrigan,,3678,,,,,,,,,,,,,,,,,,,,,,,,,,,,,,,,,,,,Mrs,Lynch,Carmen,Janet,,,,,,,TRUE,267070,891634107,Greenwich IGA,FALSE,FALSE,35790,74450,6000,11320,,85770,40311.9,,19349.71,20962.19,15000,5962.15,A,3,39000,8500,30500,B,1,3000,,3000,C,1,1290,,1290,D,,0,E,,,,0,F,,,,0,G,1,3000,3000,0,J,,,,0,K,,,,0,L,,0,M,,,,0,N,,,0,P,7000,7000,,,,,,
,,,,,,,,,,,,,,,,,,,,,,,,,,,,VR.ATO.GEN.434147,,,,,,,,,,,,,,,,,,,,,,,,,,,,,,,,,,,,,,,,,,,,,,,,,,,,,,,,,,,,,,,,,,,,,,,,,,,,,,,,,,,,,,,,,,,,,,,,,,,,,,,,,,,,,,,,,,,,,,,,,,,,,,,
,,,,,,,,,,,,,,,,,,,,,,,,,,,,CMN.ATO.GEN.434147,,,,,,,,,,,,,,,,,,,,,,,,,,,,,,,,,,,,,,,,,,,,,,,,,,,,,,,,,,,,,,,,,,,,,,,,,,,,,,,,,,,,,,,,,,,,,,,,,,,,,,,,,,,,,,,,,,,,,,,,,,,,,,,
AustAdd no postcode PostalPrevious,,,,,,,121224211,78928626495,,,,,,,,,Guardian Investments Limited,,,,,,FALSE,53 Paradise Falls Road,,Londrigan,AAT,3678,,,,,,,,,,,TRUE,FALSE,53 Paradise Falls Road,,Londrigan,ACT,,,,,,,,,,,,,,,,,,,,Mrs,Lynch,Carmen,Janet,,,,,,,TRUE,267070,891634107,Greenwich IGA,FALSE,FALSE,35790,74450,6000,11320,,85770,40311.9,,19349.71,20962.19,15000,5962.15,A,3,39000,8500,30500,B,1,3000,,3000,C,1,1290,,1290,D,,0,E,,,,0,F,,,,0,G,1,3000,3000,0,J,,,,0,K,,,,0,L,,0,M,,,,0,N,,,0,P,7000,7000,,,,,,
,,,,,,,,,,,,,,,,,,,,,,,,,,,,,,,,,,,,,,,,,,,,VR.ATO.GEN.434147,,,,,,,,,,,,,,,,,,,,,,,,,,,,,,,,,,,,,,,,,,,,,,,,,,,,,,,,,,,,,,,,,,,,,,,,,,,,,,,,,,,,,,,,,,,,,,,,,,,,,,,,,,,,,,,
,,,,,,,,,,,,,,,,,,,,,,,,,,,,,,,,,,,,,,,,,,,,CMN.ATO.GEN.434147,,,,,,,,,,,,,,,,,,,,,,,,,,,,,,,,,,,,,,,,,,,,,,,,,,,,,,,,,,,,,,,,,,,,,,,,,,,,,,,,,,,,,,,,,,,,,,,,,,,,,,,,,,,,,,,
IGNORE AustAdd no state and postcode Trading,,,,,,,121224211,78928626495,,,,,,,,,Guardian Investments Limited,,,,,,FALSE,53 Paradise Falls Road,,Londrigan,NT,3678,,,,,,,,,,,,,,,,,,,,Infinity Investments Pty Limited,TRUE,FALSE,53 Paradise Falls Road,,Londrigan,,,,,,,,,,,Mrs,Lynch,Carmen,Janet,,,,,,,TRUE,267070,891634107,Greenwich IGA,FALSE,FALSE,35790,74450,6000,11320,,85770,40311.9,,19349.71,20962.19,15000,5962.15,A,3,39000,8500,30500,B,1,3000,,3000,C,1,1290,,1290,D,,0,E,,,,0,F,,,,0,G,1,3000,3000,0,J,,,,0,K,,,,0,L,,0,M,,,,0,N,,,0,P,7000,7000,,,,,,
,,,,,,,,,,,,,,,,,,,,,,,,,,,,,,,,,,,,,,,,,,,,,,,,,,,,,,VR.ATO.GEN.434147,VR.ATO.GEN.434147,,,,,,,,,,,,,,,,,,,,,,,,,,,,,,,,,,,,,,,,,,,,,,,,,,,,,,,,,,,,,,,,,,,,,,,,,,,,,,,,,,,,,,,,,,,,,,,,,,,,
,,,,,,,,,,,,,,,,,,,,,,,,,,,,,,,,,,,,,,,,,,,,,,,,,,,,,,CMN.ATO.GEN.434147,CMN.ATO.GEN.434147,,,,,,,,,,,,,,,,,,,,,,,,,,,,,,,,,,,,,,,,,,,,,,,,,,,,,,,,,,,,,,,,,,,,,,,,,,,,,,,,,,,,,,,,,,,,,,,,,,,,
AustAdd no postcode Postal,,,,,,,121224211,78928626495,,,,,,,,,Guardian Investments Limited,,,,,,FALSE,53 Paradise Falls Road,,Londrigan,VIC,,,,,,,,,,,,,,,,,,,,,,,,,,,,,,,,,,,,,Mrs,Lynch,Carmen,Janet,,,,,,,TRUE,267070,891634107,Greenwich IGA,FALSE,FALSE,35790,74450,6000,11320,,85770,40311.9,,19349.71,20962.19,15000,5962.15,A,3,39000,8500,30500,B,1,3000,,3000,C,1,1290,,1290,D,,0,E,,,,0,F,,,,0,G,1,3000,3000,0,J,,,,0,K,,,,0,L,,0,M,,,,0,N,,,0,P,7000,7000,,,,,,
,,,,,,,,,,,,,,,,,,,,,,,,,,,VR.ATO.GEN.434147,,,,,,,,,,,,,,,,,,,,,,,,,,,,,,,,,,,,,,,,,,,,,,,,,,,,,,,,,,,,,,,,,,,,,,,,,,,,,,,,,,,,,,,,,,,,,,,,,,,,,,,,,,,,,,,,,,,,,,,,,,,,,,,,
,,,,,,,,,,,,,,,,,,,,,,,,,,,CMN.ATO.GEN.434147,,,,,,,,,,,,,,,,,,,,,,,,,,,,,,,,,,,,,,,,,,,,,,,,,,,,,,,,,,,,,,,,,,,,,,,,,,,,,,,,,,,,,,,,,,,,,,,,,,,,,,,,,,,,,,,,,,,,,,,,,,,,,,,,
IGNORE AustAdd no state and postcode PostalPrevious,,,,,,,121224211,78928626495,,,,,,,,,Guardian Investments Limited,,,,,,FALSE,53 Paradise Falls Road,,Londrigan,QLD,3678,,,,,,,,,,,TRUE,FALSE,53 Paradise Falls Road,,Londrigan,,,,,,,,,,,,,,,,,,,,,Mrs,Lynch,Carmen,Janet,,,,,,,TRUE,267070,891634107,Greenwich IGA,FALSE,FALSE,35790,74450,6000,11320,,85770,40311.9,,19349.71,20962.19,15000,5962.15,A,3,39000,8500,30500,B,1,3000,,3000,C,1,1290,,1290,D,,0,E,,,,0,F,,,,0,G,1,3000,3000,0,J,,,,0,K,,,,0,L,,0,M,,,,0,N,,,0,P,7000,7000,,,,,,
,,,,,,,,,,,,,,,,,,,,,,,,,,,,,,,,,,,,,,,,,,,,VR.ATO.GEN.434147,VR.ATO.GEN.434147,,,,,,,,,,,,,,,,,,,,,,,,,,,,,,,,,,,,,,,,,,,,,,,,,,,,,,,,,,,,,,,,,,,,,,,,,,,,,,,,,,,,,,,,,,,,,,,,,,,,,,,,,,,,,,
,,,,,,,,,,,,,,,,,,,,,,,,,,,,,,,,,,,,,,,,,,,,CMN.ATO.GEN.434147,CMN.ATO.GEN.434147,,,,,,,,,,,,,,,,,,,,,,,,,,,,,,,,,,,,,,,,,,,,,,,,,,,,,,,,,,,,,,,,,,,,,,,,,,,,,,,,,,,,,,,,,,,,,,,,,,,,,,,,,,,,,,
AustAdd no state Trading,,,,,,,121224211,78928626495,,,,,,,,,Guardian Investments Limited,,,,,,FALSE,53 Paradise Falls Road,,Londrigan,WA,3678,,,,,,,,,,,,,,,,,,,,Infinity Investments Pty Limited,TRUE,FALSE,53 Paradise Falls Road,,Londrigan,,3678,,,,,,,,,Mrs,Lynch,Carmen,Janet,,,,,,,TRUE,267070,891634107,Greenwich IGA,FALSE,FALSE,35790,74450,6000,11320,,85770,40311.9,,19349.71,20962.19,15000,5962.15,A,3,39000,8500,30500,B,1,3000,,3000,C,1,1290,,1290,D,,0,E,,,,0,F,,,,0,G,1,3000,3000,0,J,,,,0,K,,,,0,L,,0,M,,,,0,N,,,0,P,7000,7000,,,,,,
,,,,,,,,,,,,,,,,,,,,,,,,,,,,,,,,,,,,,,,,,,,,,,,,,,,,,,,VR.ATO.GEN.434147,,,,,,,,,,,,,,,,,,,,,,,,,,,,,,,,,,,,,,,,,,,,,,,,,,,,,,,,,,,,,,,,,,,,,,,,,,,,,,,,,,,,,,,,,,,,,,,,,,,,
,,,,,,,,,,,,,,,,,,,,,,,,,,,,,,,,,,,,,,,,,,,,,,,,,,,,,,,CMN.ATO.GEN.434147,,,,,,,,,,,,,,,,,,,,,,,,,,,,,,,,,,,,,,,,,,,,,,,,,,,,,,,,,,,,,,,,,,,,,,,,,,,,,,,,,,,,,,,,,,,,,,,,,,,,
Line1 exceeds 38 chars Postal,,,,,,,121224211,78928626495,,,,,,,,,Guardian Investments Limited,,,,,,FALSE,123456789 Kkkooopppkkkeeesss Rrroooaaaddd,,Rokewood Junction,VIC,3351,,,,,,,,,,,,,,,,,,,,,,,,,,,,,,,,,,,,Mrs,Lynch,Carmen,Janet,,,,,,,TRUE,267070,891634107,Greenwich IGA,FALSE,FALSE,35790,74450,6000,11320,,85770,40311.9,,19349.71,20962.19,15000,5962.15,A,3,39000,8500,30500,B,1,3000,,3000,C,1,1290,,1290,D,,0,E,,,,0,F,,,,0,G,1,3000,3000,0,J,,,,0,K,,,,0,L,,0,M,,,,0,N,,,0,P,7000,7000,,,,,,
,,,,,,,,,,,,,,,,,,,,,,,,VR.ATO.GEN.410194,,,,,,,,,,,,,,,,,,,,,,,,,,,,,,,,,,,,,,,,,,,,,,,,,,,,,,,,,,,,,,,,,,,,,,,,,,,,,,,,,,,,,,,,,,,,,,,,,,,,,,,,,,,,,,,,,,,,,,,,,,,,,,,,,,,
,,,,,,,,,,,,,,,,,,,,,,,,CMN.ATO.GEN.410194,,,,,,,,,,,,,,,,,,,,,,,,,,,,,,,,,,,,,,,,,,,,,,,,,,,,,,,,,,,,,,,,,,,,,,,,,,,,,,,,,,,,,,,,,,,,,,,,,,,,,,,,,,,,,,,,,,,,,,,,,,,,,,,,,,,
Line1 exceeds 38 chars PostalPrevious,,,,,,,121224211,78928626495,,,,,,,,,Guardian Investments Limited,,,,,,FALSE,PO Box 9876,,Rokewood Junction,AAT,3351,,,,,,,,,,,TRUE,FALSE,123456789 Kkkooopppkkkeeesss Rrroooaaaddd,,Rokewood Junction,VIC,3351,,,,,,,,,,,,,,,,,,,Mrs,Lynch,Carmen,Janet,,,,,,,TRUE,267070,891634107,Greenwich IGA,FALSE,FALSE,35790,74450,6000,11320,,85770,40311.9,,19349.71,20962.19,15000,5962.15,A,3,39000,8500,30500,B,1,3000,,3000,C,1,1290,,1290,D,,0,E,,,,0,F,,,,0,G,1,3000,3000,0,J,,,,0,K,,,,0,L,,0,M,,,,0,N,,,0,P,7000,7000,,,,,,
,,,,,,,,,,,,,,,,,,,,,,,,,,,,,,,,,,,,,,,,,VR.ATO.GEN.410194,,,,,,,,,,,,,,,,,,,,,,,,,,,,,,,,,,,,,,,,,,,,,,,,,,,,,,,,,,,,,,,,,,,,,,,,,,,,,,,,,,,,,,,,,,,,,,,,,,,,,,,,,,,,,,,,,,
,,,,,,,,,,,,,,,,,,,,,,,,,,,,,,,,,,,,,,,,,CMN.ATO.GEN.410194,,,,,,,,,,,,,,,,,,,,,,,,,,,,,,,,,,,,,,,,,,,,,,,,,,,,,,,,,,,,,,,,,,,,,,,,,,,,,,,,,,,,,,,,,,,,,,,,,,,,,,,,,,,,,,,,,,
Line1 exceeds 38 chars Trading,,,,,,,121224211,78928626495,,,,,,,,,Guardian Investments Limited,,,,,,FALSE,PO Box 9876,,Rokewood Junction,AAT,3351,,,,,,,,,,,,,,,,,,,,Infinity Investments Pty Limited,TRUE,FALSE,123456789 Kkkooopppkkkeeesss Rrroooaaaddd,,Rokewood Junction,VIC,3351,,,,,,,,,Mrs,Lynch,Carmen,Janet,,,,,,,TRUE,267070,891634107,Greenwich IGA,FALSE,FALSE,35790,74450,6000,11320,,85770,40311.9,,19349.71,20962.19,15000,5962.15,A,3,39000,8500,30500,B,1,3000,,3000,C,1,1290,,1290,D,,0,E,,,,0,F,,,,0,G,1,3000,3000,0,J,,,,0,K,,,,0,L,,0,M,,,,0,N,,,0,P,7000,7000,,,,,,
,,,,,,,,,,,,,,,,,,,,,,,,,,,,,,,,,,,,,,,,,,,,,,,,,,,VR.ATO.GEN.410194,,,,,,,,,,,,,,,,,,,,,,,,,,,,,,,,,,,,,,,,,,,,,,,,,,,,,,,,,,,,,,,,,,,,,,,,,,,,,,,,,,,,,,,,,,,,,,,,,,,,,,,,
,,,,,,,,,,,,,,,,,,,,,,,,,,,,,,,,,,,,,,,,,,,,,,,,,,,CMN.ATO.GEN.410194,,,,,,,,,,,,,,,,,,,,,,,,,,,,,,,,,,,,,,,,,,,,,,,,,,,,,,,,,,,,,,,,,,,,,,,,,,,,,,,,,,,,,,,,,,,,,,,,,,,,,,,,
Line2 exceeds 38 chars Postal,,,,,,,121224211,78928626495,,,,,,,,,Guardian Investments Limited,,,,,,FALSE,C/- Rachael Carson-Graham,123456789 Kkkooopppkkkeeesss Rrroooaaaddd,Bondi Junction,NSW,2098,,,,,,,,,,,,,,,,,,,,,,,,,,,,,,,,,,,,Mrs,Lynch,Carmen,Janet,,,,,,,TRUE,267070,891634107,Greenwich IGA,FALSE,FALSE,35790,74450,6000,11320,,85770,40311.9,,19349.71,20962.19,15000,5962.15,A,3,39000,8500,30500,B,1,3000,,3000,C,1,1290,,1290,D,,0,E,,,,0,F,,,,0,G,1,3000,3000,0,J,,,,0,K,,,,0,L,,0,M,,,,0,N,,,0,P,7000,7000,,,,,,
,,,,,,,,,,,,,,,,,,,,,,,,,VR.ATO.GEN.410195,,,,,,,,,,,,,,,,,,,,,,,,,,,,,,,,,,,,,,,,,,,,,,,,,,,,,,,,,,,,,,,,,,,,,,,,,,,,,,,,,,,,,,,,,,,,,,,,,,,,,,,,,,,,,,,,,,,,,,,,,,,,,,,,,,
,,,,,,,,,,,,,,,,,,,,,,,,,CMN.ATO.GEN.410195,,,,,,,,,,,,,,,,,,,,,,,,,,,,,,,,,,,,,,,,,,,,,,,,,,,,,,,,,,,,,,,,,,,,,,,,,,,,,,,,,,,,,,,,,,,,,,,,,,,,,,,,,,,,,,,,,,,,,,,,,,,,,,,,,,
Line2 exceeds 38 chars PostalPrevious,,,,,,,121224211,78928626495,,,,,,,,,Guardian Investments Limited,,,,,,FALSE,Locked Bag 239846,,Smithsville,ACT,7896,,,,,,,,,,,TRUE,FALSE,C/- Rachael Carson-Graham,123456789 Kkkooopppkkkeeesss Rrroooaaaddd,Bondi Junction,NSW,2098,,,,,,,,,,,,,,,,,,,Mrs,Lynch,Carmen,Janet,,,,,,,TRUE,267070,891634107,Greenwich IGA,FALSE,FALSE,35790,74450,6000,11320,,85770,40311.9,,19349.71,20962.19,15000,5962.15,A,3,39000,8500,30500,B,1,3000,,3000,C,1,1290,,1290,D,,0,E,,,,0,F,,,,0,G,1,3000,3000,0,J,,,,0,K,,,,0,L,,0,M,,,,0,N,,,0,P,7000,7000,,,,,,
,,,,,,,,,,,,,,,,,,,,,,,,,,,,,,,,,,,,,,,,,,VR.ATO.GEN.410195,,,,,,,,,,,,,,,,,,,,,,,,,,,,,,,,,,,,,,,,,,,,,,,,,,,,,,,,,,,,,,,,,,,,,,,,,,,,,,,,,,,,,,,,,,,,,,,,,,,,,,,,,,,,,,,,,
,,,,,,,,,,,,,,,,,,,,,,,,,,,,,,,,,,,,,,,,,,CMN.ATO.GEN.410195,,,,,,,,,,,,,,,,,,,,,,,,,,,,,,,,,,,,,,,,,,,,,,,,,,,,,,,,,,,,,,,,,,,,,,,,,,,,,,,,,,,,,,,,,,,,,,,,,,,,,,,,,,,,,,,,,
Line2 exceeds 38 chars Trading,,,,,,,121224211,78928626495,,,,,,,,,Guardian Investments Limited,,,,,,FALSE,Locked Bag 239846,,Smithsville,ACT,7896,,,,,,,,,,,,,,,,,,,,Infinity Investments Limited,TRUE,FALSE,C/- Rachael Carson-Graham,123456789 Kkkooopppkkkeeesss Rrroooaaaddd,Bondi Junction,NSW,2098,,,,,,,,,Mrs,Lynch,Carmen,Janet,,,,,,,TRUE,267070,891634107,Greenwich IGA,FALSE,FALSE,35790,74450,6000,11320,,85770,40311.9,,19349.71,20962.19,15000,5962.15,A,3,39000,8500,30500,B,1,3000,,3000,C,1,1290,,1290,D,,0,E,,,,0,F,,,,0,G,1,3000,3000,0,J,,,,0,K,,,,0,L,,0,M,,,,0,N,,,0,P,7000,7000,,,,,,
,,,,,,,,,,,,,,,,,,,,,,,,,,,,,,,,,,,,,,,,,,,,,,,,,,,,VR.ATO.GEN.410195,,,,,,,,,,,,,,,,,,,,,,,,,,,,,,,,,,,,,,,,,,,,,,,,,,,,,,,,,,,,,,,,,,,,,,,,,,,,,,,,,,,,,,,,,,,,,,,,,,,,,,,
,,,,,,,,,,,,,,,,,,,,,,,,,,,,,,,,,,,,,,,,,,,,,,,,,,,,CMN.ATO.GEN.410195,,,,,,,,,,,,,,,,,,,,,,,,,,,,,,,,,,,,,,,,,,,,,,,,,,,,,,,,,,,,,,,,,,,,,,,,,,,,,,,,,,,,,,,,,,,,,,,,,,,,,,,
Line 1 contains AS ABOVE Postal,,,,,,,121224211,78928626495,,,,,,,,,Guardian Investments Limited,,,,,,FALSE,AS ABOVE,,Nugent,TAS,7172,,,,,,,,,,,,,,,,,,,,,,,,,,,,,,,,,,,,Mrs,Lynch,Carmen,Janet,,,,,,,TRUE,267070,891634107,Greenwich IGA,FALSE,FALSE,35790,74450,6000,11320,,85770,40311.9,,19349.71,20962.19,15000,5962.15,A,3,39000,8500,30500,B,1,3000,,3000,C,1,1290,,1290,D,,0,E,,,,0,F,,,,0,G,1,3000,3000,0,J,,,,0,K,,,,0,L,,0,M,,,,0,N,,,0,P,7000,7000,,,,,,
,,,,,,,,,,,,,,,,,,,,,,,,VR.ATO.GEN.410205,,,,,,,,,,,,,,,,,,,,,,,,,,,,,,,,,,,,,,,,,,,,,,,,,,,,,,,,,,,,,,,,,,,,,,,,,,,,,,,,,,,,,,,,,,,,,,,,,,,,,,,,,,,,,,,,,,,,,,,,,,,,,,,,,,,
,,,,,,,,,,,,,,,,,,,,,,,,CMN.ATO.GEN.410001,,,,,,,,,,,,,,,,,,,,,,,,,,,,,,,,,,,,,,,,,,,,,,,,,,,,,,,,,,,,,,,,,,,,,,,,,,,,,,,,,,,,,,,,,,,,,,,,,,,,,,,,,,,,,,,,,,,,,,,,,,,,,,,,,,,
Line 1 contains AS ABOVE PostalPrevious,,,,,,,121224211,78928626495,,,,,,,,,Guardian Investments Limited,,,,,,FALSE,31 Hill Street,,Nugent,TAS,7172,,,,,,,,,,,TRUE,FALSE,AS ABOVE,,Sydney,TAS,7172,,,,,,,,,,,,,,,,,,,Mrs,Lynch,Carmen,Janet,,,,,,,TRUE,267070,891634107,Greenwich IGA,FALSE,FALSE,35790,74450,6000,11320,,85770,40311.9,,19349.71,20962.19,15000,5962.15,A,3,39000,8500,30500,B,1,3000,,3000,C,1,1290,,1290,D,,0,E,,,,0,F,,,,0,G,1,3000,3000,0,J,,,,0,K,,,,0,L,,0,M,,,,0,N,,,0,P,7000,7000,,,,,,
,,,,,,,,,,,,,,,,,,,,,,,,,,,,,,,,,,,,,,,,,VR.ATO.GEN.410205,,,,,,,,,,,,,,,,,,,,,,,,,,,,,,,,,,,,,,,,,,,,,,,,,,,,,,,,,,,,,,,,,,,,,,,,,,,,,,,,,,,,,,,,,,,,,,,,,,,,,,,,,,,,,,,,,,
,,,,,,,,,,,,,,,,,,,,,,,,,,,,,,,,,,,,,,,,,CMN.ATO.GEN.410001,,,,,,,,,,,,,,,,,,,,,,,,,,,,,,,,,,,,,,,,,,,,,,,,,,,,,,,,,,,,,,,,,,,,,,,,,,,,,,,,,,,,,,,,,,,,,,,,,,,,,,,,,,,,,,,,,,
Line1 contains AS ABOVE Trading,,,,,,,121224211,78928626495,,,,,,,,,Guardian Investments Limited,,,,,,FALSE,31 Hill Street,,Nugent,TAS,7172,,,,,,,,,,,,,,,,,,,,Infinity Investments Limited,TRUE,FALSE,AS ABOVE,,Melbourne,TAS,7172,,,,,,,,,Mrs,Lynch,Carmen,Janet,,,,,,,TRUE,267070,891634107,Greenwich IGA,FALSE,FALSE,35790,74450,6000,11320,,85770,40311.9,,19349.71,20962.19,15000,5962.15,A,3,39000,8500,30500,B,1,3000,,3000,C,1,1290,,1290,D,,0,E,,,,0,F,,,,0,G,1,3000,3000,0,J,,,,0,K,,,,0,L,,0,M,,,,0,N,,,0,P,7000,7000,,,,,,
,,,,,,,,,,,,,,,,,,,,,,,,,,,,,,,,,,,,,,,,,,,,,,,,,,,VR.ATO.GEN.410205,,,,,,,,,,,,,,,,,,,,,,,,,,,,,,,,,,,,,,,,,,,,,,,,,,,,,,,,,,,,,,,,,,,,,,,,,,,,,,,,,,,,,,,,,,,,,,,,,,,,,,,,
,,,,,,,,,,,,,,,,,,,,,,,,,,,,,,,,,,,,,,,,,,,,,,,,,,,CMN.ATO.GEN.410001,,,,,,,,,,,,,,,,,,,,,,,,,,,,,,,,,,,,,,,,,,,,,,,,,,,,,,,,,,,,,,,,,,,,,,,,,,,,,,,,,,,,,,,,,,,,,,,,,,,,,,,,
Country name not blank Postal,,,,,,,121224211,78928626495,,,,,,,,,Guardian Investments Limited,,,,,,TRUE,50 Denison Road,,Arthur's Seat,VIC,3936,nz,NZ,,,,,,,,,,,,,,,,,,,,,,,,,,,,,,,,,,Mrs,Lynch,Carmen,Janet,,,,,,,TRUE,267070,891634107,Greenwich IGA,FALSE,FALSE,35790,74450,6000,11320,,85770,40311.9,,19349.71,20962.19,15000,5962.15,A,3,39000,8500,30500,B,1,3000,,3000,C,1,1290,,1290,D,,0,E,,,,0,F,,,,0,G,1,3000,3000,0,J,,,,0,K,,,,0,L,,0,M,,,,0,N,,,0,P,7000,7000,,,,,,
,,,,,,,,,,,,,,,,,,,,,,,,,,,,,,VR.ATO.GEN.410213,,,,,,,,,,,,,,,,,,,,,,,,,,,,,,,,,,,,,,,,,,,,,,,,,,,,,,,,,,,,,,,,,,,,,,,,,,,,,,,,,,,,,,,,,,,,,,,,,,,,,,,,,,,,,,,,,,,,,,,,,,,,,
,,,,,,,,,,,,,,,,,,,,,,,,,,,,,,CMN.ATO.GEN.410213,,,,,,,,,,,,,,,,,,,,,,,,,,,,,,,,,,,,,,,,,,,,,,,,,,,,,,,,,,,,,,,,,,,,,,,,,,,,,,,,,,,,,,,,,,,,,,,,,,,,,,,,,,,,,,,,,,,,,,,,,,,,,
Country name not blank PostalPrevious,,,,,,,121224211,78928626495,,,,,,,,,Guardian Investments Limited,,,,,,FALSE,Unit 4,50 Denison Road,Arthurs Seat,VIC,3936,,,,,,,,,,,TRUE,TRUE,Unit 12,50 Denison Road,Arthur's Seat,VIC,3936,ke,KENYA,,,,,,,,,,,,,,,,,Mrs,Lynch,Carmen,Janet,,,,,,,TRUE,267070,891634107,Greenwich IGA,FALSE,FALSE,35790,74450,6000,11320,,85770,40311.9,,19349.71,20962.19,15000,5962.15,A,3,39000,8500,30500,B,1,3000,,3000,C,1,1290,,1290,D,,0,E,,,,0,F,,,,0,G,1,3000,3000,0,J,,,,0,K,,,,0,L,,0,M,,,,0,N,,,0,P,7000,7000,,,,,,
,,,,,,,,,,,,,,,,,,,,,,,,,,,,,,,,,,,,,,,,,,,,,,,VR.ATO.GEN.410213,,,,,,,,,,,,,,,,,,,,,,,,,,,,,,,,,,,,,,,,,,,,,,,,,,,,,,,,,,,,,,,,,,,,,,,,,,,,,,,,,,,,,,,,,,,,,,,,,,,,,,,,,,,,
,,,,,,,,,,,,,,,,,,,,,,,,,,,,,,,,,,,,,,,,,,,,,,,CMN.ATO.GEN.410213,,,,,,,,,,,,,,,,,,,,,,,,,,,,,,,,,,,,,,,,,,,,,,,,,,,,,,,,,,,,,,,,,,,,,,,,,,,,,,,,,,,,,,,,,,,,,,,,,,,,,,,,,,,,
Country name not blank Trading,,,,,,,121224211,78928626495,,,,,,,,,Guardian Investments Limited,,,,,,FALSE,,,,,,,,,,,,,,,,,,,,,,,,,Infinity Investments Limited,TRUE,TRUE,PO Box 71723,,Arthur's Seat,VIC,3936,ke,KENYA,,,,,,,Mrs,Lynch,Carmen,Janet,,,,,,,TRUE,267070,891634107,Greenwich IGA,FALSE,FALSE,35790,74450,6000,11320,,85770,40311.9,,19349.71,20962.19,15000,5962.15,A,3,39000,8500,30500,B,1,3000,,3000,C,1,1290,,1290,D,,0,E,,,,0,F,,,,0,G,1,3000,3000,0,J,,,,0,K,,,,0,L,,0,M,,,,0,N,,,0,P,7000,7000,,,,,,
,,,,,,,,,,,,,,,,,,,,,,,,,,,,,,,,,,,,,,,,,,,,,,,,,,,,,,,,,VR.ATO.GEN.410213,,,,,,,,,,,,,,,,,,,,,,,,,,,,,,,,,,,,,,,,,,,,,,,,,,,,,,,,,,,,,,,,,,,,,,,,,,,,,,,,,,,,,,,,,,,,,,,,,,
,,,,,,,,,,,,,,,,,,,,,,,,,,,,,,,,,,,,,,,,,,,,,,,,,,,,,,,,,CMN.ATO.GEN.410213,,,,,,,,,,,,,,,,,,,,,,,,,,,,,,,,,,,,,,,,,,,,,,,,,,,,,,,,,,,,,,,,,,,,,,,,,,,,,,,,,,,,,,,,,,,,,,,,,,
IGNORE Line1 not present Postal,,,,,,,121224211,78928626495,,,,,,,,,Guardian Investments Limited,,,,,,FALSE,,60 Mills Street,Leichhardt,NT,3988,,,,,,,,,,,,,,,,,,,,,,,,,,,,,,,,,,,,Mrs,Lynch,Carmen,Janet,,,,,,,TRUE,267070,891634107,Greenwich IGA,FALSE,FALSE,35790,74450,6000,11320,,85770,40311.9,,19349.71,20962.19,15000,5962.15,A,3,39000,8500,30500,B,1,3000,,3000,C,1,1290,,1290,D,,0,E,,,,0,F,,,,0,G,1,3000,3000,0,J,,,,0,K,,,,0,L,,0,M,,,,0,N,,,0,P,7000,7000,,,,,,
,,,,,,,,,,,,,,,,,,,,,,,,VR.ATO.GEN.410214,,,,,,,,,,,,,,,,,,,,,,,,,,,,,,,,,,,,,,,,,,,,,,,,,,,,,,,,,,,,,,,,,,,,,,,,,,,,,,,,,,,,,,,,,,,,,,,,,,,,,,,,,,,,,,,,,,,,,,,,,,,,,,,,,,,
,,,,,,,,,,,,,,,,,,,,,,,,CMN.ATO.GEN.410214,,,,,,,,,,,,,,,,,,,,,,,,,,,,,,,,,,,,,,,,,,,,,,,,,,,,,,,,,,,,,,,,,,,,,,,,,,,,,,,,,,,,,,,,,,,,,,,,,,,,,,,,,,,,,,,,,,,,,,,,,,,,,,,,,,,
IGNORE Line1 not present PostalPrevious,,,,,,,121224211,78928626495,,,,,,,,,Guardian Investments Limited,,,,,,FALSE,60 Mills Street,,Leichhardt,SA,3988,,,,,,,,,,,TRUE,FALSE,,60 Mills Street,Leichhardt,NT,3988,,,,,,,,,,,,,,,,,,,Mrs,Lynch,Carmen,Janet,,,,,,,TRUE,267070,891634107,Greenwich IGA,FALSE,FALSE,35790,74450,6000,11320,,85770,40311.9,,19349.71,20962.19,15000,5962.15,A,3,39000,8500,30500,B,1,3000,,3000,C,1,1290,,1290,D,,0,E,,,,0,F,,,,0,G,1,3000,3000,0,J,,,,0,K,,,,0,L,,0,M,,,,0,N,,,0,P,7000,7000,,,,,,
,,,,,,,,,,,,,,,,,,,,,,,,,,,,,,,,,,,,,,,,,VR.ATO.GEN.410214,,,,,,,,,,,,,,,,,,,,,,,,,,,,,,,,,,,,,,,,,,,,,,,,,,,,,,,,,,,,,,,,,,,,,,,,,,,,,,,,,,,,,,,,,,,,,,,,,,,,,,,,,,,,,,,,,,
,,,,,,,,,,,,,,,,,,,,,,,,,,,,,,,,,,,,,,,,,CMN.ATO.GEN.410214,,,,,,,,,,,,,,,,,,,,,,,,,,,,,,,,,,,,,,,,,,,,,,,,,,,,,,,,,,,,,,,,,,,,,,,,,,,,,,,,,,,,,,,,,,,,,,,,,,,,,,,,,,,,,,,,,,
IGNORE Line1 not present Trading,,,,,,,121224211,78928626495,,,,,,,,,Guardian Investments Limited,,,,,,FALSE,Private Bag 8268,,Leichhardt,WA,3988,,,,,,,,,,,,,,,,,,,,,,,,60 Mills Street,Leichhardt,NT,3988,,,,,,,,,Mrs,Lynch,Carmen,Janet,,,,,,,TRUE,267070,891634107,Greenwich IGA,FALSE,FALSE,35790,74450,6000,11320,,85770,40311.9,,19349.71,20962.19,15000,5962.15,A,3,39000,8500,30500,B,1,3000,,3000,C,1,1290,,1290,D,,0,E,,,,0,F,,,,0,G,1,3000,3000,0,J,,,,0,K,,,,0,L,,0,M,,,,0,N,,,0,P,7000,7000,,,,,,
,,,,,,,,,,,,,,,,,,,,,,,,,,,,,,,,,,,,,,,,,,,,,,,,Infinity Investments Limited,TRUE,FALSE,VR.ATO.GEN.410214,,,,,,,,,,,,,,,,,,,,,,,,,,,,,,,,,,,,,,,,,,,,,,,,,,,,,,,,,,,,,,,,,,,,,,,,,,,,,,,,,,,,,,,,,,,,,,,,,,,,,,,,
,,,,,,,,,,,,,,,,,,,,,,,,,,,,,,,,,,,,,,,,,,,,,,,,,,,CMN.ATO.GEN.410214,,,,,,,,,,,,,,,,,,,,,,,,,,,,,,,,,,,,,,,,,,,,,,,,,,,,,,,,,,,,,,,,,,,,,,,,,,,,,,,,,,,,,,,,,,,,,,,,,,,,,,,,
Suburb contains state ACT Postal,,,,,,,121224211,78928626495,,,,,,,,,Guardian Investments Limited,,,,,,FALSE,20 Sunset Drive,,Hobartville ACT,ACT,4724,,,,,,,,,,,,,,,,,,,,,,,,,,,,,,,,,,,,Mrs,Lynch,Carmen,Janet,,,,,,,TRUE,267070,891634107,Greenwich IGA,FALSE,FALSE,35790,74450,6000,11320,,85770,40311.9,,19349.71,20962.19,15000,5962.15,A,3,39000,8500,30500,B,1,3000,,3000,C,1,1290,,1290,D,,0,E,,,,0,F,,,,0,G,1,3000,3000,0,J,,,,0,K,,,,0,L,,0,M,,,,0,N,,,0,P,7000,7000,,,,,,
,,,,,,,,,,,,,,,,,,,,,,,,,,VR.ATO.GEN.428230,,,,,,,,,,,,,,,,,,,,,,,,,,,,,,,,,,,,,,,,,,,,,,,,,,,,,,,,,,,,,,,,,,,,,,,,,,,,,,,,,,,,,,,,,,,,,,,,,,,,,,,,,,,,,,,,,,,,,,,,,,,,,,,,,
,,,,,,,,,,,,,,,,,,,,,,,,,,CMN.ATO.GEN.000411,,,,,,,,,,,,,,,,,,,,,,,,,,,,,,,,,,,,,,,,,,,,,,,,,,,,,,,,,,,,,,,,,,,,,,,,,,,,,,,,,,,,,,,,,,,,,,,,,,,,,,,,,,,,,,,,,,,,,,,,,,,,,,,,,
Suburb contains state NSW PostalPrevious,,,,,,,121224211,78928626495,,,,,,,,,Guardian Investments Limited,,,,,,FALSE,20 Sunset Drive,,Hobartville,QLD,4724,,,,,,,,,,,TRUE,FALSE,20 Sunset Drive,,NSW Hobartville,NSW,4724,,,,,,,,,,,,,,,,,,,Mrs,Lynch,Carmen,Janet,,,,,,,TRUE,267070,891634107,Greenwich IGA,FALSE,FALSE,35790,74450,6000,11320,,85770,40311.9,,19349.71,20962.19,15000,5962.15,A,3,39000,8500,30500,B,1,3000,,3000,C,1,1290,,1290,D,,0,E,,,,0,F,,,,0,G,1,3000,3000,0,J,,,,0,K,,,,0,L,,0,M,,,,0,N,,,0,P,7000,7000,,,,,,
,,,,,,,,,,,,,,,,,,,,,,,,,,,,,,,,,,,,,,,,,,,VR.ATO.GEN.428230,,,,,,,,,,,,,,,,,,,,,,,,,,,,,,,,,,,,,,,,,,,,,,,,,,,,,,,,,,,,,,,,,,,,,,,,,,,,,,,,,,,,,,,,,,,,,,,,,,,,,,,,,,,,,,,,
,,,,,,,,,,,,,,,,,,,,,,,,,,,,,,,,,,,,,,,,,,,CMN.ATO.GEN.000411,,,,,,,,,,,,,,,,,,,,,,,,,,,,,,,,,,,,,,,,,,,,,,,,,,,,,,,,,,,,,,,,,,,,,,,,,,,,,,,,,,,,,,,,,,,,,,,,,,,,,,,,,,,,,,,,
Suburb contains state NT Trading,,,,,,,121224211,78928626495,,,,,,,,,Guardian Investments Limited,,,,,,FALSE,20 Sunset Drive,,Hobartville,QLD,4724,,,,,,,,,,,,,,,,,,,,Infinity Investments Limited,TRUE,FALSE,Unit 21B,20 Sunset Drive,Hobartville NT,NT,4724,,,,,,,,,Mrs,Lynch,Carmen,Janet,,,,,,,TRUE,267070,891634107,Greenwich IGA,FALSE,FALSE,35790,74450,6000,11320,,85770,40311.9,,19349.71,20962.19,15000,5962.15,A,3,39000,8500,30500,B,1,3000,,3000,C,1,1290,,1290,D,,0,E,,,,0,F,,,,0,G,1,3000,3000,0,J,,,,0,K,,,,0,L,,0,M,,,,0,N,,,0,P,7000,7000,,,,,,
,,,,,,,,,,,,,,,,,,,,,,,,,,,,,,,,,,,,,,,,,,,,,,,,,,,,,VR.ATO.GEN.428230,,,,,,,,,,,,,,,,,,,,,,,,,,,,,,,,,,,,,,,,,,,,,,,,,,,,,,,,,,,,,,,,,,,,,,,,,,,,,,,,,,,,,,,,,,,,,,,,,,,,,,
,,,,,,,,,,,,,,,,,,,,,,,,,,,,,,,,,,,,,,,,,,,,,,,,,,,,,CMN.ATO.GEN.000411,,,,,,,,,,,,,,,,,,,,,,,,,,,,,,,,,,,,,,,,,,,,,,,,,,,,,,,,,,,,,,,,,,,,,,,,,,,,,,,,,,,,,,,,,,,,,,,,,,,,,,
Suburb contains state QLD Postal,,,,,,,121224211,78928626495,,,,,,,,,Guardian Investments Limited,,,,,,FALSE,20 Sunset Drive,,QLD Hobartville,QLD,4724,,,,,,,,,,,,,,,,,,,,,,,,,,,,,,,,,,,,Mrs,Lynch,Carmen,Janet,,,,,,,TRUE,267070,891634107,Greenwich IGA,FALSE,FALSE,35790,74450,6000,11320,,85770,40311.9,,19349.71,20962.19,15000,5962.15,A,3,39000,8500,30500,B,1,3000,,3000,C,1,1290,,1290,D,,0,E,,,,0,F,,,,0,G,1,3000,3000,0,J,,,,0,K,,,,0,L,,0,M,,,,0,N,,,0,P,7000,7000,,,,,,
,,,,,,,,,,,,,,,,,,,,,,,,,,VR.ATO.GEN.428230,,,,,,,,,,,,,,,,,,,,,,,,,,,,,,,,,,,,,,,,,,,,,,,,,,,,,,,,,,,,,,,,,,,,,,,,,,,,,,,,,,,,,,,,,,,,,,,,,,,,,,,,,,,,,,,,,,,,,,,,,,,,,,,,,
,,,,,,,,,,,,,,,,,,,,,,,,,,CMN.ATO.GEN.000411,,,,,,,,,,,,,,,,,,,,,,,,,,,,,,,,,,,,,,,,,,,,,,,,,,,,,,,,,,,,,,,,,,,,,,,,,,,,,,,,,,,,,,,,,,,,,,,,,,,,,,,,,,,,,,,,,,,,,,,,,,,,,,,,,
Suburb contains state SA PostalPrevious,,,,,,,121224211,78928626495,,,,,,,,,Guardian Investments Limited,,,,,,FALSE,20 Sunset Drive,,HobaNTville,QLD,4724,,,,,,,,,,,TRUE,FALSE,Locked Bag 8513,,Hobartville SA,SA,4724,,,,,,,,,,,,,,,,,,,Mrs,Lynch,Carmen,Janet,,,,,,,TRUE,267070,891634107,Greenwich IGA,FALSE,FALSE,35790,74450,6000,11320,,85770,40311.9,,19349.71,20962.19,15000,5962.15,A,3,39000,8500,30500,B,1,3000,,3000,C,1,1290,,1290,D,,0,E,,,,0,F,,,,0,G,1,3000,3000,0,J,,,,0,K,,,,0,L,,0,M,,,,0,N,,,0,P,7000,7000,,,,,,
,,,,,,,,,,,,,,,,,,,,,,,,,,,,,,,,,,,,,,,,,,,VR.ATO.GEN.428230,,,,,,,,,,,,,,,,,,,,,,,,,,,,,,,,,,,,,,,,,,,,,,,,,,,,,,,,,,,,,,,,,,,,,,,,,,,,,,,,,,,,,,,,,,,,,,,,,,,,,,,,,,,,,,,,
,,,,,,,,,,,,,,,,,,,,,,,,,,,,,,,,,,,,,,,,,,,CMN.ATO.GEN.000411,,,,,,,,,,,,,,,,,,,,,,,,,,,,,,,,,,,,,,,,,,,,,,,,,,,,,,,,,,,,,,,,,,,,,,,,,,,,,,,,,,,,,,,,,,,,,,,,,,,,,,,,,,,,,,,,
Suburb contains state VIC Trading,,,,,,,121224211,78928626495,,,,,,,,,Guardian Investments Limited,,,,,,FALSE,20 Sunset Drive,,Hobartsaville,QLD,4724,,,,,,,,,,,,,,,,,,,,Infinity Investments Limited,TRUE,FALSE,20 Sunset Drive,,VIC HOBARTVILLE,VIC,4724,,,,,,,,,Mrs,Lynch,Carmen,Janet,,,,,,,TRUE,267070,891634107,Greenwich IGA,FALSE,FALSE,35790,74450,6000,11320,,85770,40311.9,,19349.71,20962.19,15000,5962.15,A,3,39000,8500,30500,B,1,3000,,3000,C,1,1290,,1290,D,,0,E,,,,0,F,,,,0,G,1,3000,3000,0,J,,,,0,K,,,,0,L,,0,M,,,,0,N,,,0,P,7000,7000,,,,,,
,,,,,,,,,,,,,,,,,,,,,,,,,,,,,,,,,,,,,,,,,,,,,,,,,,,,,VR.ATO.GEN.428230,,,,,,,,,,,,,,,,,,,,,,,,,,,,,,,,,,,,,,,,,,,,,,,,,,,,,,,,,,,,,,,,,,,,,,,,,,,,,,,,,,,,,,,,,,,,,,,,,,,,,,
,,,,,,,,,,,,,,,,,,,,,,,,,,,,,,,,,,,,,,,,,,,,,,,,,,,,,CMN.ATO.GEN.000411,,,,,,,,,,,,,,,,,,,,,,,,,,,,,,,,,,,,,,,,,,,,,,,,,,,,,,,,,,,,,,,,,,,,,,,,,,,,,,,,,,,,,,,,,,,,,,,,,,,,,,
Suburb contains state WA Postal,,,,,,,121224211,78928626495,,,,,,,,,Guardian Investments Limited,,,,,,FALSE,C/- Victoria Carson-Graham,20 Sunset Drive,Hobartville WA,WA,4724,,,,,,,,,,,,,,,,,,,,,,,,,,,,,,,,,,,,Mrs,Lynch,Carmen,Janet,,,,,,,TRUE,267070,891634107,Greenwich IGA,FALSE,FALSE,35790,74450,6000,11320,,85770,40311.9,,19349.71,20962.19,15000,5962.15,A,3,39000,8500,30500,B,1,3000,,3000,C,1,1290,,1290,D,,0,E,,,,0,F,,,,0,G,1,3000,3000,0,J,,,,0,K,,,,0,L,,0,M,,,,0,N,,,0,P,7000,7000,,,,,,
,,,,,,,,,,,,,,,,,,,,,,,,,,VR.ATO.GEN.428230,,,,,,,,,,,,,,,,,,,,,,,,,,,,,,,,,,,,,,,,,,,,,,,,,,,,,,,,,,,,,,,,,,,,,,,,,,,,,,,,,,,,,,,,,,,,,,,,,,,,,,,,,,,,,,,,,,,,,,,,,,,,,,,,,
,,,,,,,,,,,,,,,,,,,,,,,,,,CMN.ATO.GEN.000411,,,,,,,,,,,,,,,,,,,,,,,,,,,,,,,,,,,,,,,,,,,,,,,,,,,,,,,,,,,,,,,,,,,,,,,,,,,,,,,,,,,,,,,,,,,,,,,,,,,,,,,,,,,,,,,,,,,,,,,,,,,,,,,,,
Suburb contains state TAS PostalPrevious,,,,,,,121224211,78928626495,,,,,,,,,Guardian Investments Limited,,,,,,FALSE,20 Sunset Drive,,Hobartville,QLD,4724,,,,,,,,,,,TRUE,FALSE,C/- Victoria Carson-Graham,20 Sunset Drive,TAS Hobartville,TAS,4724,,,,,,,,,,,,,,,,,,,Mrs,Lynch,Carmen,Janet,,,,,,,TRUE,267070,891634107,Greenwich IGA,FALSE,FALSE,35790,74450,6000,11320,,85770,40311.9,,19349.71,20962.19,15000,5962.15,A,3,39000,8500,30500,B,1,3000,,3000,C,1,1290,,1290,D,,0,E,,,,0,F,,,,0,G,1,3000,3000,0,J,,,,0,K,,,,0,L,,0,M,,,,0,N,,,0,P,7000,7000,,,,,,
,,,,,,,,,,,,,,,,,,,,,,,,,,,,,,,,,,,,,,,,,,,VR.ATO.GEN.428230,,,,,,,,,,,,,,,,,,,,,,,,,,,,,,,,,,,,,,,,,,,,,,,,,,,,,,,,,,,,,,,,,,,,,,,,,,,,,,,,,,,,,,,,,,,,,,,,,,,,,,,,,,,,,,,,
,,,,,,,,,,,,,,,,,,,,,,,,,,,,,,,,,,,,,,,,,,,CMN.ATO.GEN.000411,,,,,,,,,,,,,,,,,,,,,,,,,,,,,,,,,,,,,,,,,,,,,,,,,,,,,,,,,,,,,,,,,,,,,,,,,,,,,,,,,,,,,,,,,,,,,,,,,,,,,,,,,,,,,,,,
Line1 contains C/O Trading,,,,,,,121224211,78928626495,,,,,,,,,Guardian Investments Limited,,,,,,FALSE,87 Ancor Street,,Maffra,NSW,2630,,,,,,,,,,,,,,,,,,,,Infinity Investments Limited,TRUE,FALSE,C/O Jeffrey Cheng,11 Blairgowrie Avenue,Maffra,NSW,2630,,,,,,,,,Mrs,Lynch,Carmen,Janet,,,,,,,TRUE,267070,891634107,Greenwich IGA,FALSE,FALSE,35790,74450,6000,11320,,85770,40311.9,,19349.71,20962.19,15000,5962.15,A,3,39000,8500,30500,B,1,3000,,3000,C,1,1290,,1290,D,,0,E,,,,0,F,,,,0,G,1,3000,3000,0,J,,,,0,K,,,,0,L,,0,M,,,,0,N,,,0,P,7000,7000,,,,,,
,,,,,,,,,,,,,,,,,,,,,,,,,,,,,,,,,,,,,,,,,,,,,,,,,,,VR.ATO.GEN.428240,,,,,,,,,,,,,,,,,,,,,,,,,,,,,,,,,,,,,,,,,,,,,,,,,,,,,,,,,,,,,,,,,,,,,,,,,,,,,,,,,,,,,,,,,,,,,,,,,,,,,,,,
,,,,,,,,,,,,,,,,,,,,,,,,,,,,,,,,,,,,,,,,,,,,,,,,,,,CMN.ATO.GEN.000406,,,,,,,,,,,,,,,,,,,,,,,,,,,,,,,,,,,,,,,,,,,,,,,,,,,,,,,,,,,,,,,,,,,,,,,,,,,,,,,,,,,,,,,,,,,,,,,,,,,,,,,,
Line1 contains C/ Postal,,,,,,,121224211,78928626495,,,,,,,,,Guardian Investments Limited,,,,,,FALSE,C/ Jeffrey Cheng,11 Blairgowrie Avenue,Maffra,NSW,2630,,,,,,,,,,,,,,,,,,,,,,,,,,,,,,,,,,,,Mrs,Lynch,Carmen,Janet,,,,,,,TRUE,267070,891634107,Greenwich IGA,FALSE,FALSE,35790,74450,6000,11320,,85770,40311.9,,19349.71,20962.19,15000,5962.15,A,3,39000,8500,30500,B,1,3000,,3000,C,1,1290,,1290,D,,0,E,,,,0,F,,,,0,G,1,3000,3000,0,J,,,,0,K,,,,0,L,,0,M,,,,0,N,,,0,P,7000,7000,,,,,,
,,,,,,,,,,,,,,,,,,,,,,,,VR.ATO.GEN.428240,,,,,,,,,,,,,,,,,,,,,,,,,,,,,,,,,,,,,,,,,,,,,,,,,,,,,,,,,,,,,,,,,,,,,,,,,,,,,,,,,,,,,,,,,,,,,,,,,,,,,,,,,,,,,,,,,,,,,,,,,,,,,,,,,,,
,,,,,,,,,,,,,,,,,,,,,,,,CMN.ATO.GEN.000406,,,,,,,,,,,,,,,,,,,,,,,,,,,,,,,,,,,,,,,,,,,,,,,,,,,,,,,,,,,,,,,,,,,,,,,,,,,,,,,,,,,,,,,,,,,,,,,,,,,,,,,,,,,,,,,,,,,,,,,,,,,,,,,,,,,
Line1 contains Care Of PostalPrevious,,,,,,,121224211,78928626495,,,,,,,,,Guardian Investments Limited,,,,,,FALSE,C/- AmCO Industries,11 Blithe Street,Maffra,NSW,2630,,,,,,,,,,,TRUE,FALSE,Care Of Jeffrey Cheng,11 Blairgowrie Avenue,Maffra,NSW,2630,,,,,,,,,,,,,,,,,,,Mrs,Lynch,Carmen,Janet,,,,,,,TRUE,267070,891634107,Greenwich IGA,FALSE,FALSE,35790,74450,6000,11320,,85770,40311.9,,19349.71,20962.19,15000,5962.15,A,3,39000,8500,30500,B,1,3000,,3000,C,1,1290,,1290,D,,0,E,,,,0,F,,,,0,G,1,3000,3000,0,J,,,,0,K,,,,0,L,,0,M,,,,0,N,,,0,P,7000,7000,,,,,,
,,,,,,,,,,,,,,,,,,,,,,,,,,,,,,,,,,,,,,,,,VR.ATO.GEN.428240,,,,,,,,,,,,,,,,,,,,,,,,,,,,,,,,,,,,,,,,,,,,,,,,,,,,,,,,,,,,,,,,,,,,,,,,,,,,,,,,,,,,,,,,,,,,,,,,,,,,,,,,,,,,,,,,,,
,,,,,,,,,,,,,,,,,,,,,,,,,,,,,,,,,,,,,,,,,CMN.ATO.GEN.000406,,,,,,,,,,,,,,,,,,,,,,,,,,,,,,,,,,,,,,,,,,,,,,,,,,,,,,,,,,,,,,,,,,,,,,,,,,,,,,,,,,,,,,,,,,,,,,,,,,,,,,,,,,,,,,,,,,
Line1 contains CO Trading,,,,,,,121224211,78928626495,,,,,,,,,Guardian Investments Limited,,,,,,FALSE,Private Bag 5689,,Maffra,NSW,2630,,,,,,,,,,,,,,,,,,,,Infinity Investments Limited,TRUE,FALSE,CO Jeffrey Cheng,11 Blairgowrie Avenue,Maffra,NSW,2630,,,,,,,,,Mrs,Lynch,Carmen,Janet,,,,,,,TRUE,267070,891634107,Greenwich IGA,FALSE,FALSE,35790,74450,6000,11320,,85770,40311.9,,19349.71,20962.19,15000,5962.15,A,3,39000,8500,30500,B,1,3000,,3000,C,1,1290,,1290,D,,0,E,,,,0,F,,,,0,G,1,3000,3000,0,J,,,,0,K,,,,0,L,,0,M,,,,0,N,,,0,P,7000,7000,,,,,,
,,,,,,,,,,,,,,,,,,,,,,,,,,,,,,,,,,,,,,,,,,,,,,,,,,,VR.ATO.GEN.428240,,,,,,,,,,,,,,,,,,,,,,,,,,,,,,,,,,,,,,,,,,,,,,,,,,,,,,,,,,,,,,,,,,,,,,,,,,,,,,,,,,,,,,,,,,,,,,,,,,,,,,,,
,,,,,,,,,,,,,,,,,,,,,,,,,,,,,,,,,,,,,,,,,,,,,,,,,,,CMN.ATO.GEN.000406,,,,,,,,,,,,,,,,,,,,,,,,,,,,,,,,,,,,,,,,,,,,,,,,,,,,,,,,,,,,,,,,,,,,,,,,,,,,,,,,,,,,,,,,,,,,,,,,,,,,,,,,
Line2 contains C/- Postal,,,,,,,121224211,78928626495,,,,,,,,,Guardian Investments Limited,,,,,,FALSE,19 Hunter Street,C/- Shelly Oroton,South Toowoomba,QLD,4350,,,,,,,,,,,,,,,,,,,,,,,,,,,,,,,,,,,,Mrs,Lynch,Carmen,Janet,,,,,,,TRUE,267070,891634107,Greenwich IGA,FALSE,FALSE,35790,74450,6000,11320,,85770,40311.9,,19349.71,20962.19,15000,5962.15,A,3,39000,8500,30500,B,1,3000,,3000,C,1,1290,,1290,D,,0,E,,,,0,F,,,,0,G,1,3000,3000,0,J,,,,0,K,,,,0,L,,0,M,,,,0,N,,,0,P,7000,7000,,,,,,
,,,,,,,,,,,,,,,,,,,,,,,,,VR.ATO.GEN.428241,,,,,,,,,,,,,,,,,,,,,,,,,,,,,,,,,,,,,,,,,,,,,,,,,,,,,,,,,,,,,,,,,,,,,,,,,,,,,,,,,,,,,,,,,,,,,,,,,,,,,,,,,,,,,,,,,,,,,,,,,,,,,,,,,,
,,,,,,,,,,,,,,,,,,,,,,,,,CMN.ATO.GEN.000408,,,,,,,,,,,,,,,,,,,,,,,,,,,,,,,,,,,,,,,,,,,,,,,,,,,,,,,,,,,,,,,,,,,,,,,,,,,,,,,,,,,,,,,,,,,,,,,,,,,,,,,,,,,,,,,,,,,,,,,,,,,,,,,,,,
Line2 contains C/O PostalPrevious,,,,,,,121224211,78928626495,,,,,,,,,Guardian Investments Limited,,,,,,FALSE,19 Hunter Street,,South Toowoomba,QLD,4350,,,,,,,,,,,TRUE,FALSE,19 Hunter Street,C/O Shelly Oroton,South Toowoomba,QLD,4350,,,,,,,,,,,,,,,,,,,Mrs,Lynch,Carmen,Janet,,,,,,,TRUE,267070,891634107,Greenwich IGA,FALSE,FALSE,35790,74450,6000,11320,,85770,40311.9,,19349.71,20962.19,15000,5962.15,A,3,39000,8500,30500,B,1,3000,,3000,C,1,1290,,1290,D,,0,E,,,,0,F,,,,0,G,1,3000,3000,0,J,,,,0,K,,,,0,L,,0,M,,,,0,N,,,0,P,7000,7000,,,,,,
,,,,,,,,,,,,,,,,,,,,,,,,,,,,,,,,,,,,,,,,,,VR.ATO.GEN.428241,,,,,,,,,,,,,,,,,,,,,,,,,,,,,,,,,,,,,,,,,,,,,,,,,,,,,,,,,,,,,,,,,,,,,,,,,,,,,,,,,,,,,,,,,,,,,,,,,,,,,,,,,,,,,,,,,
,,,,,,,,,,,,,,,,,,,,,,,,,,,,,,,,,,,,,,,,,,CMN.ATO.GEN.000408,,,,,,,,,,,,,,,,,,,,,,,,,,,,,,,,,,,,,,,,,,,,,,,,,,,,,,,,,,,,,,,,,,,,,,,,,,,,,,,,,,,,,,,,,,,,,,,,,,,,,,,,,,,,,,,,,
Line2 contains C/ Trading,,,,,,,121224211,78928626495,,,,,,,,,Guardian Investments Limited,,,,,,FALSE,Unit 19,AmCO Building,South Toowoomba,QLD,4350,,,,,,,,,,,,,,,,,,,,Infinity Investments Limited,TRUE,FALSE,19 Hunter Street,C/ Shelly Oroton,South Toowoomba,QLD,4350,,,,,,,,,Mrs,Lynch,Carmen,Janet,,,,,,,TRUE,267070,891634107,Greenwich IGA,FALSE,FALSE,35790,74450,6000,11320,,85770,40311.9,,19349.71,20962.19,15000,5962.15,A,3,39000,8500,30500,B,1,3000,,3000,C,1,1290,,1290,D,,0,E,,,,0,F,,,,0,G,1,3000,3000,0,J,,,,0,K,,,,0,L,,0,M,,,,0,N,,,0,P,7000,7000,,,,,,
,,,,,,,,,,,,,,,,,,,,,,,,,,,,,,,,,,,,,,,,,,,,,,,,,,,,VR.ATO.GEN.428241,,,,,,,,,,,,,,,,,,,,,,,,,,,,,,,,,,,,,,,,,,,,,,,,,,,,,,,,,,,,,,,,,,,,,,,,,,,,,,,,,,,,,,,,,,,,,,,,,,,,,,,
,,,,,,,,,,,,,,,,,,,,,,,,,,,,,,,,,,,,,,,,,,,,,,,,,,,,CMN.ATO.GEN.000408,,,,,,,,,,,,,,,,,,,,,,,,,,,,,,,,,,,,,,,,,,,,,,,,,,,,,,,,,,,,,,,,,,,,,,,,,,,,,,,,,,,,,,,,,,,,,,,,,,,,,,,
Line2 contains Care Of Postal,,,,,,,121224211,78928626495,,,,,,,,,Guardian Investments Limited,,,,,,FALSE,19 Hunter Street,Care of Shelly Oroton,South Toowoomba,QLD,4350,,,,,,,,,,,,,,,,,,,,,,,,,,,,,,,,,,,,Mrs,Lynch,Carmen,Janet,,,,,,,TRUE,267070,891634107,Greenwich IGA,FALSE,FALSE,35790,74450,6000,11320,,85770,40311.9,,19349.71,20962.19,15000,5962.15,A,3,39000,8500,30500,B,1,3000,,3000,C,1,1290,,1290,D,,0,E,,,,0,F,,,,0,G,1,3000,3000,0,J,,,,0,K,,,,0,L,,0,M,,,,0,N,,,0,P,7000,7000,,,,,,
,,,,,,,,,,,,,,,,,,,,,,,,,VR.ATO.GEN.428241,,,,,,,,,,,,,,,,,,,,,,,,,,,,,,,,,,,,,,,,,,,,,,,,,,,,,,,,,,,,,,,,,,,,,,,,,,,,,,,,,,,,,,,,,,,,,,,,,,,,,,,,,,,,,,,,,,,,,,,,,,,,,,,,,,
,,,,,,,,,,,,,,,,,,,,,,,,,CMN.ATO.GEN.000408,,,,,,,,,,,,,,,,,,,,,,,,,,,,,,,,,,,,,,,,,,,,,,,,,,,,,,,,,,,,,,,,,,,,,,,,,,,,,,,,,,,,,,,,,,,,,,,,,,,,,,,,,,,,,,,,,,,,,,,,,,,,,,,,,,
Line2 contains CO PostalPrevious,,,,,,,121224211,78928626495,,,,,,,,,Guardian Investments Limited,,,,,,FALSE,19 Hunter Street,,South Toowoomba,QLD,4350,,,,,,,,,,,TRUE,FALSE,19 Hunter Street,CO Shelly Oroton,South Toowoomba,QLD,4350,,,,,,,,,,,,,,,,,,,Mrs,Lynch,Carmen,Janet,,,,,,,TRUE,267070,891634107,Greenwich IGA,FALSE,FALSE,35790,74450,6000,11320,,85770,40311.9,,19349.71,20962.19,15000,5962.15,A,3,39000,8500,30500,B,1,3000,,3000,C,1,1290,,1290,D,,0,E,,,,0,F,,,,0,G,1,3000,3000,0,J,,,,0,K,,,,0,L,,0,M,,,,0,N,,,0,P,7000,7000,,,,,,
,,,,,,,,,,,,,,,,,,,,,,,,,,,,,,,,,,,,,,,,,,VR.ATO.GEN.428241,,,,,,,,,,,,,,,,,,,,,,,,,,,,,,,,,,,,,,,,,,,,,,,,,,,,,,,,,,,,,,,,,,,,,,,,,,,,,,,,,,,,,,,,,,,,,,,,,,,,,,,,,,,,,,,,,
,,,,,,,,,,,,,,,,,,,,,,,,,,,,,,,,,,,,,,,,,,CMN.ATO.GEN.000408,,,,,,,,,,,,,,,,,,,,,,,,,,,,,,,,,,,,,,,,,,,,,,,,,,,,,,,,,,,,,,,,,,,,,,,,,,,,,,,,,,,,,,,,,,,,,,,,,,,,,,,,,,,,,,,,,
Line1 contains unknown Postal,,,,,,,121224211,78928626495,,,,,,,,,Guardian Investments Limited,,,,,,FALSE,UNKNOWN,,McCutcheon,QLD,4856,,,,,,,,,,,,,,,,,,,,,,,,,,,,,,,,,,,,Mrs,Lynch,Carmen,Janet,,,,,,,TRUE,267070,891634107,Greenwich IGA,FALSE,FALSE,35790,74450,6000,11320,,85770,40311.9,,19349.71,20962.19,15000,5962.15,A,3,39000,8500,30500,B,1,3000,,3000,C,1,1290,,1290,D,,0,E,,,,0,F,,,,0,G,1,3000,3000,0,J,,,,0,K,,,,0,L,,0,M,,,,0,N,,,0,P,7000,7000,,,,,,
,,,,,,,,,,,,,,,,,,,,,,,,VR.ATO.GEN.428254,,,,,,,,,,,,,,,,,,,,,,,,,,,,,,,,,,,,,,,,,,,,,,,,,,,,,,,,,,,,,,,,,,,,,,,,,,,,,,,,,,,,,,,,,,,,,,,,,,,,,,,,,,,,,,,,,,,,,,,,,,,,,,,,,,,
,,,,,,,,,,,,,,,,,,,,,,,,CMN.ATO.GEN.000405,,,,,,,,,,,,,,,,,,,,,,,,,,,,,,,,,,,,,,,,,,,,,,,,,,,,,,,,,,,,,,,,,,,,,,,,,,,,,,,,,,,,,,,,,,,,,,,,,,,,,,,,,,,,,,,,,,,,,,,,,,,,,,,,,,,
Line1 contains unknown PostalPrevious,,,,,,,121224211,78928626495,,,,,,,,,Guardian Investments Limited,,,,,,FALSE,21 Whitehaven Crescent,,McCutcheon,QLD,4856,,,,,,,,,,,TRUE,FALSE,Unknown,,McCutcheon,QLD,4856,,,,,,,,,,,,,,,,,,,Mrs,Lynch,Carmen,Janet,,,,,,,TRUE,267070,891634107,Greenwich IGA,FALSE,FALSE,35790,74450,6000,11320,,85770,40311.9,,19349.71,20962.19,15000,5962.15,A,3,39000,8500,30500,B,1,3000,,3000,C,1,1290,,1290,D,,0,E,,,,0,F,,,,0,G,1,3000,3000,0,J,,,,0,K,,,,0,L,,0,M,,,,0,N,,,0,P,7000,7000,,,,,,
,,,,,,,,,,,,,,,,,,,,,,,,,,,,,,,,,,,,,,,,,VR.ATO.GEN.428254,,,,,,,,,,,,,,,,,,,,,,,,,,,,,,,,,,,,,,,,,,,,,,,,,,,,,,,,,,,,,,,,,,,,,,,,,,,,,,,,,,,,,,,,,,,,,,,,,,,,,,,,,,,,,,,,,,
,,,,,,,,,,,,,,,,,,,,,,,,,,,,,,,,,,,,,,,,,CMN.ATO.GEN.000405,,,,,,,,,,,,,,,,,,,,,,,,,,,,,,,,,,,,,,,,,,,,,,,,,,,,,,,,,,,,,,,,,,,,,,,,,,,,,,,,,,,,,,,,,,,,,,,,,,,,,,,,,,,,,,,,,,
Line1 contains unknown Trading,,,,,,,121224211,78928626495,,,,,,,,,Guardian Investments Limited,,,,,,FALSE,21 Whitehaven Crescent,,McCutcheon,QLD,4856,,,,,,,,,,,,,,,,,,,,Infinity Investments Limited,TRUE,FALSE,unknown,,McCutcheon,QLD,4856,,,,,,,,,Mrs,Lynch,Carmen,Janet,,,,,,,TRUE,267070,891634107,Greenwich IGA,FALSE,FALSE,35790,74450,6000,11320,,85770,40311.9,,19349.71,20962.19,15000,5962.15,A,3,39000,8500,30500,B,1,3000,,3000,C,1,1290,,1290,D,,0,E,,,,0,F,,,,0,G,1,3000,3000,0,J,,,,0,K,,,,0,L,,0,M,,,,0,N,,,0,P,7000,7000,,,,,,
,,,,,,,,,,,,,,,,,,,,,,,,,,,,,,,,,,,,,,,,,,,,,,,,,,,VR.ATO.GEN.428254,,,,,,,,,,,,,,,,,,,,,,,,,,,,,,,,,,,,,,,,,,,,,,,,,,,,,,,,,,,,,,,,,,,,,,,,,,,,,,,,,,,,,,,,,,,,,,,,,,,,,,,,
,,,,,,,,,,,,,,,,,,,,,,,,,,,,,,,,,,,,,,,,,,,,,,,,,,,CMN.ATO.GEN.000405,,,,,,,,,,,,,,,,,,,,,,,,,,,,,,,,,,,,,,,,,,,,,,,,,,,,,,,,,,,,,,,,,,,,,,,,,,,,,,,,,,,,,,,,,,,,,,,,,,,,,,,,
Line2 contains unknown Postal,,,,,,,121224211,78928626495,,,,,,,,,Guardian Investments Limited,,,,,,FALSE,Unit 6,Unknown,Tyers Beach,VIC,3909,,,,,,,,,,,,,,,,,,,,,,,,,,,,,,,,,,,,Mrs,Lynch,Carmen,Janet,,,,,,,TRUE,267070,891634107,Greenwich IGA,FALSE,FALSE,35790,74450,6000,11320,,85770,40311.9,,19349.71,20962.19,15000,5962.15,A,3,39000,8500,30500,B,1,3000,,3000,C,1,1290,,1290,D,,0,E,,,,0,F,,,,0,G,1,3000,3000,0,J,,,,0,K,,,,0,L,,0,M,,,,0,N,,,0,P,7000,7000,,,,,,
,,,,,,,,,,,,,,,,,,,,,,,,,VR.ATO.GEN.428255,,,,,,,,,,,,,,,,,,,,,,,,,,,,,,,,,,,,,,,,,,,,,,,,,,,,,,,,,,,,,,,,,,,,,,,,,,,,,,,,,,,,,,,,,,,,,,,,,,,,,,,,,,,,,,,,,,,,,,,,,,,,,,,,,,
,,,,,,,,,,,,,,,,,,,,,,,,,CMN.ATO.GEN.000407,,,,,,,,,,,,,,,,,,,,,,,,,,,,,,,,,,,,,,,,,,,,,,,,,,,,,,,,,,,,,,,,,,,,,,,,,,,,,,,,,,,,,,,,,,,,,,,,,,,,,,,,,,,,,,,,,,,,,,,,,,,,,,,,,,
Line2 contains unknown PostalPrevious,,,,,,,121224211,78928626495,,,,,,,,,Guardian Investments Limited,,,,,,FALSE,13 Frouds Road,,Lake Tyers Beach,VIC,3909,,,,,,,,,,,TRUE,FALSE,13 Frouds Road,unknown,Lake Tyers Beach,VIC,3909,,,,,,,,,,,,,,,,,,,Mrs,Lynch,Carmen,Janet,,,,,,,TRUE,267070,891634107,Greenwich IGA,FALSE,FALSE,35790,74450,6000,11320,,85770,40311.9,,19349.71,20962.19,15000,5962.15,A,3,39000,8500,30500,B,1,3000,,3000,C,1,1290,,1290,D,,0,E,,,,0,F,,,,0,G,1,3000,3000,0,J,,,,0,K,,,,0,L,,0,M,,,,0,N,,,0,P,7000,7000,,,,,,
,,,,,,,,,,,,,,,,,,,,,,,,,,,,,,,,,,,,,,,,,,VR.ATO.GEN.428255,,,,,,,,,,,,,,,,,,,,,,,,,,,,,,,,,,,,,,,,,,,,,,,,,,,,,,,,,,,,,,,,,,,,,,,,,,,,,,,,,,,,,,,,,,,,,,,,,,,,,,,,,,,,,,,,,
,,,,,,,,,,,,,,,,,,,,,,,,,,,,,,,,,,,,,,,,,,CMN.ATO.GEN.000407,,,,,,,,,,,,,,,,,,,,,,,,,,,,,,,,,,,,,,,,,,,,,,,,,,,,,,,,,,,,,,,,,,,,,,,,,,,,,,,,,,,,,,,,,,,,,,,,,,,,,,,,,,,,,,,,,
Line2 contains unknown Trading,,,,,,,121224211,78928626495,,,,,,,,,Guardian Investments Limited,,,,,,FALSE,The Amex Building,13 Frouds Road,Lake Tyers Beach,VIC,3909,,,,,,,,,,,,,,,,,,,,Infinity Investments Limited,TRUE,FALSE,13 Frouds Road,UNKNOWN,Lake Tyers Beach,VIC,3909,,,,,,,,,Mrs,Lynch,Carmen,Janet,,,,,,,TRUE,267070,891634107,Greenwich IGA,FALSE,FALSE,35790,74450,6000,11320,,85770,40311.9,,19349.71,20962.19,15000,5962.15,A,3,39000,8500,30500,B,1,3000,,3000,C,1,1290,,1290,D,,0,E,,,,0,F,,,,0,G,1,3000,3000,0,J,,,,0,K,,,,0,L,,0,M,,,,0,N,,,0,P,7000,7000,,,,,,
,,,,,,,,,,,,,,,,,,,,,,,,,,,,,,,,,,,,,,,,,,,,,,,,,,,,VR.ATO.GEN.428255,,,,,,,,,,,,,,,,,,,,,,,,,,,,,,,,,,,,,,,,,,,,,,,,,,,,,,,,,,,,,,,,,,,,,,,,,,,,,,,,,,,,,,,,,,,,,,,,,,,,,,,
,,,,,,,,,,,,,,,,,,,,,,,,,,,,,,,,,,,,,,,,,,,,,,,,,,,,CMN.ATO.GEN.000407,,,,,,,,,,,,,,,,,,,,,,,,,,,,,,,,,,,,,,,,,,,,,,,,,,,,,,,,,,,,,,,,,,,,,,,,,,,,,,,,,,,,,,,,,,,,,,,,,,,,,,,
Suburb contains unknown Postal,,,,,,,121224211,78928626495,,,,,,,,,Guardian Investments Limited,,,,,,FALSE,95 Taltarni Road,,unknown,VIC,3478,,,,,,,,,,,,,,,,,,,,,,,,,,,,,,,,,,,,Mrs,Lynch,Carmen,Janet,,,,,,,TRUE,267070,891634107,Greenwich IGA,FALSE,FALSE,35790,74450,6000,11320,,85770,40311.9,,19349.71,20962.19,15000,5962.15,A,3,39000,8500,30500,B,1,3000,,3000,C,1,1290,,1290,D,,0,E,,,,0,F,,,,0,G,1,3000,3000,0,J,,,,0,K,,,,0,L,,0,M,,,,0,N,,,0,P,7000,7000,,,,,,
,,,,,,,,,,,,,,,,,,,,,,,,,,VR.ATO.GEN.428256,,,,,,,,,,,,,,,,,,,,,,,,,,,,,,,,,,,,,,,,,,,,,,,,,,,,,,,,,,,,,,,,,,,,,,,,,,,,,,,,,,,,,,,,,,,,,,,,,,,,,,,,,,,,,,,,,,,,,,,,,,,,,,,,,
,,,,,,,,,,,,,,,,,,,,,,,,,,CMN.ATO.GEN.000409,,,,,,,,,,,,,,,,,,,,,,,,,,,,,,,,,,,,,,,,,,,,,,,,,,,,,,,,,,,,,,,,,,,,,,,,,,,,,,,,,,,,,,,,,,,,,,,,,,,,,,,,,,,,,,,,,,,,,,,,,,,,,,,,,
Suburb contains unknown PostalPrevious,,,,,,,121224211,78928626495,,,,,,,,,Guardian Investments Limited,,,,,,FALSE,95 Taltarni Road,,Yawong Hills,VIC,3478,,,,,,,,,,,TRUE,FALSE,95 Taltarni Road,,UNKNOWN,VIC,3478,,,,,,,,,,,,,,,,,,,Mrs,Lynch,Carmen,Janet,,,,,,,TRUE,267070,891634107,Greenwich IGA,FALSE,FALSE,35790,74450,6000,11320,,85770,40311.9,,19349.71,20962.19,15000,5962.15,A,3,39000,8500,30500,B,1,3000,,3000,C,1,1290,,1290,D,,0,E,,,,0,F,,,,0,G,1,3000,3000,0,J,,,,0,K,,,,0,L,,0,M,,,,0,N,,,0,P,7000,7000,,,,,,
,,,,,,,,,,,,,,,,,,,,,,,,,,,,,,,,,,,,,,,,,,,VR.ATO.GEN.428256,,,,,,,,,,,,,,,,,,,,,,,,,,,,,,,,,,,,,,,,,,,,,,,,,,,,,,,,,,,,,,,,,,,,,,,,,,,,,,,,,,,,,,,,,,,,,,,,,,,,,,,,,,,,,,,,
,,,,,,,,,,,,,,,,,,,,,,,,,,,,,,,,,,,,,,,,,,,CMN.ATO.GEN.000409,,,,,,,,,,,,,,,,,,,,,,,,,,,,,,,,,,,,,,,,,,,,,,,,,,,,,,,,,,,,,,,,,,,,,,,,,,,,,,,,,,,,,,,,,,,,,,,,,,,,,,,,,,,,,,,,
Suburb contains unknown Trading,,,,,,,121224211,78928626495,,,,,,,,,Guardian Investments Limited,,,,,,FALSE,Locked Bag 786,Yawong Hills District,Yawong Hills,VIC,3478,,,,,,,,,,,,,,,,,,,,Infinity Investments Limited,TRUE,FALSE,95 Taltarni Road,,Unknown,VIC,3478,,,,,,,,,Mrs,Lynch,Carmen,Janet,,,,,,,TRUE,267070,891634107,Greenwich IGA,FALSE,FALSE,35790,74450,6000,11320,,85770,40311.9,,19349.71,20962.19,15000,5962.15,A,3,39000,8500,30500,B,1,3000,,3000,C,1,1290,,1290,D,,0,E,,,,0,F,,,,0,G,1,3000,3000,0,J,,,,0,K,,,,0,L,,0,M,,,,0,N,,,0,P,7000,7000,,,,,,
,,,,,,,,,,,,,,,,,,,,,,,,,,,,,,,,,,,,,,,,,,,,,,,,,,,,,VR.ATO.GEN.428256,,,,,,,,,,,,,,,,,,,,,,,,,,,,,,,,,,,,,,,,,,,,,,,,,,,,,,,,,,,,,,,,,,,,,,,,,,,,,,,,,,,,,,,,,,,,,,,,,,,,,,
,,,,,,,,,,,,,,,,,,,,,,,,,,,,,,,,,,,,,,,,,,,,,,,,,,,,,CMN.ATO.GEN.000409,,,,,,,,,,,,,,,,,,,,,,,,,,,,,,,,,,,,,,,,,,,,,,,,,,,,,,,,,,,,,,,,,,,,,,,,,,,,,,,,,,,,,,,,,,,,,,,,,,,,,,
IGNORE Suburb not present Postal,,,,,,,121224211,78928626495,,,,,,,,,Guardian Investments Limited,,,,,,FALSE,38 Pelican Road,,,TAS,7015,,,,,,,,,,,,,,,,,,,,,,,,,,,,,,,,,,,,Mrs,Lynch,Carmen,Janet,,,,,,,TRUE,267070,891634107,Greenwich IGA,FALSE,FALSE,35790,74450,6000,11320,,85770,40311.9,,19349.71,20962.19,15000,5962.15,A,3,39000,8500,30500,B,1,3000,,3000,C,1,1290,,1290,D,,0,E,,,,0,F,,,,0,G,1,3000,3000,0,J,,,,0,K,,,,0,L,,0,M,,,,0,N,,,0,P,7000,7000,,,,,,
,,,,,,,,,,,,,,,,,,,,,,,,,,VR.ATO.GEN.430245,,,,,,,,,,,,,,,,,,,,,,,,,,,,,,,,,,,,,,,,,,,,,,,,,,,,,,,,,,,,,,,,,,,,,,,,,,,,,,,,,,,,,,,,,,,,,,,,,,,,,,,,,,,,,,,,,,,,,,,,,,,,,,,,,
,,,,,,,,,,,,,,,,,,,,,,,,,,CMN.ATO.GEN.430245,,,,,,,,,,,,,,,,,,,,,,,,,,,,,,,,,,,,,,,,,,,,,,,,,,,,,,,,,,,,,,,,,,,,,,,,,,,,,,,,,,,,,,,,,,,,,,,,,,,,,,,,,,,,,,,,,,,,,,,,,,,,,,,,,
IGNORE Suburb not present PostalPrevious,,,,,,,121224211,78928626495,,,,,,,,,Guardian Investments Limited,,,,,,FALSE,38 Pelican Road,,Rose Bay,TAS,7015,,,,,,,,,,,TRUE,FALSE,38 Pelican Road,,,TAS,7015,,,,,,,,,,,,,,,,,,,Mrs,Lynch,Carmen,Janet,,,,,,,TRUE,267070,891634107,Greenwich IGA,FALSE,FALSE,35790,74450,6000,11320,,85770,40311.9,,19349.71,20962.19,15000,5962.15,A,3,39000,8500,30500,B,1,3000,,3000,C,1,1290,,1290,D,,0,E,,,,0,F,,,,0,G,1,3000,3000,0,J,,,,0,K,,,,0,L,,0,M,,,,0,N,,,0,P,7000,7000,,,,,,
,,,,,,,,,,,,,,,,,,,,,,,,,,,,,,,,,,,,,,,,,,,VR.ATO.GEN.430245,,,,,,,,,,,,,,,,,,,,,,,,,,,,,,,,,,,,,,,,,,,,,,,,,,,,,,,,,,,,,,,,,,,,,,,,,,,,,,,,,,,,,,,,,,,,,,,,,,,,,,,,,,,,,,,,
,,,,,,,,,,,,,,,,,,,,,,,,,,,,,,,,,,,,,,,,,,,CMN.ATO.GEN.430245,,,,,,,,,,,,,,,,,,,,,,,,,,,,,,,,,,,,,,,,,,,,,,,,,,,,,,,,,,,,,,,,,,,,,,,,,,,,,,,,,,,,,,,,,,,,,,,,,,,,,,,,,,,,,,,,
IGNORE Suburb not present Trading,,,,,,,121224211,78928626495,,,,,,,,,Guardian Investments Limited,,,,,,FALSE,38 Pelican Road,,Rose Bay,TAS,7015,,,,,,,,,,,,,,,,,,,,Infinity Investments Limited,TRUE,FALSE,38 Pelican Road,,,TAS,7015,,,,,,,,,Mrs,Lynch,Carmen,Janet,,,,,,,TRUE,267070,891634107,Greenwich IGA,FALSE,FALSE,35790,74450,6000,11320,,85770,40311.9,,19349.71,20962.19,15000,5962.15,A,3,39000,8500,30500,B,1,3000,,3000,C,1,1290,,1290,D,,0,E,,,,0,F,,,,0,G,1,3000,3000,0,J,,,,0,K,,,,0,L,,0,M,,,,0,N,,,0,P,7000,7000,,,,,,
,,,,,,,,,,,,,,,,,,,,,,,,,,,,,,,,,,,,,,,,,,,,,,,,,,,,,VR.ATO.GEN.430245,,,,,,,,,,,,,,,,,,,,,,,,,,,,,,,,,,,,,,,,,,,,,,,,,,,,,,,,,,,,,,,,,,,,,,,,,,,,,,,,,,,,,,,,,,,,,,,,,,,,,,
,,,,,,,,,,,,,,,,,,,,,,,,,,,,,,,,,,,,,,,,,,,,,,,,,,,,,CMN.ATO.GEN.430245,,,,,,,,,,,,,,,,,,,,,,,,,,,,,,,,,,,,,,,,,,,,,,,,,,,,,,,,,,,,,,,,,,,,,,,,,,,,,,,,,,,,,,,,,,,,,,,,,,,,,,
Suburb contains numeric characters Postal,,,,,,,121224211,78928626495,,,,,,,,,Guardian Investments Limited,,,,,,FALSE,63 Carolina Park Road,,Pretty Beach 86,NSW,2257,,,,,,,,,,,,,,,,,,,,,,,,,,,,,,,,,,,,Mrs,Lynch,Carmen,Janet,,,,,,,TRUE,267070,891634107,Greenwich IGA,FALSE,FALSE,35790,74450,6000,11320,,85770,40311.9,,19349.71,20962.19,15000,5962.15,A,3,39000,8500,30500,B,1,3000,,3000,C,1,1290,,1290,D,,0,E,,,,0,F,,,,0,G,1,3000,3000,0,J,,,,0,K,,,,0,L,,0,M,,,,0,N,,,0,P,7000,7000,,,,,,
,,,,,,,,,,,,,,,,,,,,,,,,,,VR.ATO.GEN.430246,,,,,,,,,,,,,,,,,,,,,,,,,,,,,,,,,,,,,,,,,,,,,,,,,,,,,,,,,,,,,,,,,,,,,,,,,,,,,,,,,,,,,,,,,,,,,,,,,,,,,,,,,,,,,,,,,,,,,,,,,,,,,,,,,
,,,,,,,,,,,,,,,,,,,,,,,,,,CMN.ATO.GEN.000410,,,,,,,,,,,,,,,,,,,,,,,,,,,,,,,,,,,,,,,,,,,,,,,,,,,,,,,,,,,,,,,,,,,,,,,,,,,,,,,,,,,,,,,,,,,,,,,,,,,,,,,,,,,,,,,,,,,,,,,,,,,,,,,,,
Suburb contains numeric characters PostalPrevious,,,,,,,121224211,78928626495,,,,,,,,,Guardian Investments Limited,,,,,,FALSE,63 Carolina Park Road,,Pretty Beach,NSW,2257,,,,,,,,,,,TRUE,FALSE,63 Carolina Park Road,Unit 5,Pretty Beach 86,NSW,2257,au,,,,,,,,,,,,,,,,,,Mrs,Lynch,Carmen,Janet,,,,,,,TRUE,267070,891634107,Greenwich IGA,FALSE,FALSE,35790,74450,6000,11320,,85770,40311.9,,19349.71,20962.19,15000,5962.15,A,3,39000,8500,30500,B,1,3000,,3000,C,1,1290,,1290,D,,0,E,,,,0,F,,,,0,G,1,3000,3000,0,J,,,,0,K,,,,0,L,,0,M,,,,0,N,,,0,P,7000,7000,,,,,,
,,,,,,,,,,,,,,,,,,,,,,,,,,,,,,,,,,,,,,,,,,,VR.ATO.GEN.430246,,,,,,,,,,,,,,,,,,,,,,,,,,,,,,,,,,,,,,,,,,,,,,,,,,,,,,,,,,,,,,,,,,,,,,,,,,,,,,,,,,,,,,,,,,,,,,,,,,,,,,,,,,,,,,,,
,,,,,,,,,,,,,,,,,,,,,,,,,,,,,,,,,,,,,,,,,,,CMN.ATO.GEN.000410,,,,,,,,,,,,,,,,,,,,,,,,,,,,,,,,,,,,,,,,,,,,,,,,,,,,,,,,,,,,,,,,,,,,,,,,,,,,,,,,,,,,,,,,,,,,,,,,,,,,,,,,,,,,,,,,
Suburb contains numeric characters Trading,,,,,,,121224211,78928626495,,,,,,,,,Guardian Investments Limited,,,,,,FALSE,63 Carolina Park Road,,Pretty Beach,NSW,2257,,,,,,,,,,,,,,,,,,,,Infinity Investments Limited,TRUE,FALSE,Level 8,63 Carolina Park Road,Pretty Beach 86,NSW,2257,au,,,,,,,,Mrs,Lynch,Carmen,Janet,,,,,,,TRUE,267070,891634107,Greenwich IGA,FALSE,FALSE,35790,74450,6000,11320,,85770,40311.9,,19349.71,20962.19,15000,5962.15,A,3,39000,8500,30500,B,1,3000,,3000,C,1,1290,,1290,D,,0,E,,,,0,F,,,,0,G,1,3000,3000,0,J,,,,0,K,,,,0,L,,0,M,,,,0,N,,,0,P,7000,7000,,,,,,
,,,,,,,,,,,,,,,,,,,,,,,,,,,,,,,,,,,,,,,,,,,,,,,,,,,,,VR.ATO.GEN.430246,,,,,,,,,,,,,,,,,,,,,,,,,,,,,,,,,,,,,,,,,,,,,,,,,,,,,,,,,,,,,,,,,,,,,,,,,,,,,,,,,,,,,,,,,,,,,,,,,,,,,,
,,,,,,,,,,,,,,,,,,,,,,,,,,,,,,,,,,,,,,,,,,,,,,,,,,,,,CMN.ATO.GEN.000410,,,,,,,,,,,,,,,,,,,,,,,,,,,,,,,,,,,,,,,,,,,,,,,,,,,,,,,,,,,,,,,,,,,,,,,,,,,,,,,,,,,,,,,,,,,,,,,,,,,,,,
IGNORE OverseasAddressIndicator blank Postal,,,,,,,121224211,78928626495,,,,,,,,,Guardian Investments Limited,,,,,,,The Rock,46 Bathurst Road,Peel,NSW,2795,,,,,,,,,,,,,,,,,,,,,,,,,,,,,,,,,,,,Mrs,Lynch,Carmen,Janet,,,,,,,TRUE,267070,891634107,Greenwich IGA,FALSE,FALSE,35790,74450,6000,11320,,85770,40311.9,,19349.71,20962.19,15000,5962.15,A,3,39000,8500,30500,B,1,3000,,3000,C,1,1290,,1290,D,,0,E,,,,0,F,,,,0,G,1,3000,3000,0,J,,,,0,K,,,,0,L,,0,M,,,,0,N,,,0,P,7000,7000,,,,,,
,,,,,,,,,,,,,,,,,,,,,,,VR.ATO.GEN.410167,,,,,,,,,,,,,,,,,,,,,,,,,,,,,,,,,,,,,,,,,,,,,,,,,,,,,,,,,,,,,,,,,,,,,,,,,,,,,,,,,,,,,,,,,,,,,,,,,,,,,,,,,,,,,,,,,,,,,,,,,,,,,,,,,,,,
,,,,,,,,,,,,,,,,,,,,,,,CMN.ATO.GEN.410167,,,,,,,,,,,,,,,,,,,,,,,,,,,,,,,,,,,,,,,,,,,,,,,,,,,,,,,,,,,,,,,,,,,,,,,,,,,,,,,,,,,,,,,,,,,,,,,,,,,,,,,,,,,,,,,,,,,,,,,,,,,,,,,,,,,,
IGNORE OverseasAddressIndicator blank PostalPrevious,,,,,,,121224211,78928626495,,,,,,,,,Guardian Investments Limited,,,,,,FALSE,46 Bathurst Road,,Peel,NSW,2795,,,,,,,,,,,TRUE,,The Rock,46 Bathurst Road,Nadi,,,fj,,,,,,,,,,,,,,,,,,Mrs,Lynch,Carmen,Janet,,,,,,,TRUE,267070,891634107,Greenwich IGA,FALSE,FALSE,35790,74450,6000,11320,,85770,40311.9,,19349.71,20962.19,15000,5962.15,A,3,39000,8500,30500,B,1,3000,,3000,C,1,1290,,1290,D,,0,E,,,,0,F,,,,0,G,1,3000,3000,0,J,,,,0,K,,,,0,L,,0,M,,,,0,N,,,0,P,7000,7000,,,,,,
,,,,,,,,,,,,,,,,,,,,,,,,,,,,,,,,,,,,,,,,VR.ATO.GEN.410167,,,,,,,,,,,,,,,,,,,,,,,,,,,,,,,,,,,,,,,,,,,,,,,,,,,,,,,,,,,,,,,,,,,,,,,,,,,,,,,,,,,,,,,,,,,,,,,,,,,,,,,,,,,,,,,,,,,
,,,,,,,,,,,,,,,,,,,,,,,,,,,,,,,,,,,,,,,,CMN.ATO.GEN.410167,,,,,,,,,,,,,,,,,,,,,,,,,,,,,,,,,,,,,,,,,,,,,,,,,,,,,,,,,,,,,,,,,,,,,,,,,,,,,,,,,,,,,,,,,,,,,,,,,,,,,,,,,,,,,,,,,,,
IGNORE OverseasAddressIndicator blank Trading,,,,,,,121224211,78928626495,,,,,,,,,Guardian Investments Limited,,,,,,FALSE,46 Bathurst Road,,Peel,NSW,2795,,,,,,,,,,,,,,,,,,,,Infinity Investments Limited,TRUE,,The Rock,46 Bathurst Road,Peel,NSW,2795,,,,,,,,,Mrs,Lynch,Carmen,Janet,,,,,,,TRUE,267070,891634107,Greenwich IGA,FALSE,FALSE,35790,74450,6000,11320,,85770,40311.9,,19349.71,20962.19,15000,5962.15,A,3,39000,8500,30500,B,1,3000,,3000,C,1,1290,,1290,D,,0,E,,,,0,F,,,,0,G,1,3000,3000,0,J,,,,0,K,,,,0,L,,0,M,,,,0,N,,,0,P,7000,7000,,,,,,
,,,,,,,,,,,,,,,,,,,,,,,,,,,,,,,,,,,,,,,,,,,,,,,,,,VR.ATO.GEN.410167,,,,,,,,,,,,,,,,,,,,,,,,,,,,,,,,,,,,,,,,,,,,,,,,,,,,,,,,,,,,,,,,,,,,,,,,,,,,,,,,,,,,,,,,,,,,,,,,,,,,,,,,,
,,,,,,,,,,,,,,,,,,,,,,,,,,,,,,,,,,,,,,,,,,,,,,,,,,CMN.ATO.GEN.410167,,,,,,,,,,,,,,,,,,,,,,,,,,,,,,,,,,,,,,,,,,,,,,,,,,,,,,,,,,,,,,,,,,,,,,,,,,,,,,,,,,,,,,,,,,,,,,,,,,,,,,,,,
SKIP_CALC ForeignAdd no country code Postal,,,,,,,121224211,78928626495,,,,,,,,,Guardian Investments Limited,,,,,,TRUE,Rue du Presbytere 468,,Villers-en-Fagne,,5600,,,,,,,,,,,,,,,,,,,,,,,,,,,,,,,,,,,,Mrs,Lynch,Carmen,Janet,,,,,,,TRUE,267070,891634107,Greenwich IGA,FALSE,FALSE,35790,74450,6000,11320,,85770,40311.9,,19349.71,20962.19,15000,5962.15,A,3,39000,8500,30500,B,1,3000,,3000,C,1,1290,,1290,D,,0,E,,,,0,F,,,,0,G,1,3000,3000,0,J,,,,0,K,,,,0,L,,0,M,,,,0,N,,,0,P,7000,7000,,,,,,
,,,,,,,,,,,,,,,,,,,,,,,VR.ATO.GEN.410191,,,,,,,,,,,,,,,,,,,,,,,,,,,,,,,,,,,,,,,,,,,,,,,,,,,,,,,,,,,,,,,,,,,,,,,,,,,,,,,,,,,,,,,,,,,,,,,,,,,,,,,,,,,,,,,,,,,,,,,,,,,,,,,,,,,,
,,,,,,,,,,,,,,,,,,,,,,,CMN.ATO.GEN.410191,,,,,,,,,,,,,,,,,,,,,,,,,,,,,,,,,,,,,,,,,,,,,,,,,,,,,,,,,,,,,,,,,,,,,,,,,,,,,,,,,,,,,,,,,,,,,,,,,,,,,,,,,,,,,,,,,,,,,,,,,,,,,,,,,,,,
SKIP_CALC ForeignAdd no country code PostalPrevious,,,,,,,121224211,78928626495,,,,,,,,,Guardian Investments Limited,,,,,,FALSE,46 Bathurst Road,,Peel,NSW,5600,,,,,,,,,,,TRUE,TRUE,Rue du Presbytere 468,,Villers-en-Fagne,,5600,,,,,,,,,,,,,,,,,,,Mrs,Lynch,Carmen,Janet,,,,,,,TRUE,267070,891634107,Greenwich IGA,FALSE,FALSE,35790,74450,6000,11320,,85770,40311.9,,19349.71,20962.19,15000,5962.15,A,3,39000,8500,30500,B,1,3000,,3000,C,1,1290,,1290,D,,0,E,,,,0,F,,,,0,G,1,3000,3000,0,J,,,,0,K,,,,0,L,,0,M,,,,0,N,,,0,P,7000,7000,,,,,,
,,,,,,,,,,,,,,,,,,,,,,,,,,,,,,,,,,,,,,,,VR.ATO.GEN.410191,,,,,,,,,,,,,,,,,,,,,,,,,,,,,,,,,,,,,,,,,,,,,,,,,,,,,,,,,,,,,,,,,,,,,,,,,,,,,,,,,,,,,,,,,,,,,,,,,,,,,,,,,,,,,,,,,,,
,,,,,,,,,,,,,,,,,,,,,,,,,,,,,,,,,,,,,,,,CMN.ATO.GEN.410191,,,,,,,,,,,,,,,,,,,,,,,,,,,,,,,,,,,,,,,,,,,,,,,,,,,,,,,,,,,,,,,,,,,,,,,,,,,,,,,,,,,,,,,,,,,,,,,,,,,,,,,,,,,,,,,,,,,
SKIP_CALC ForeignAdd no country code Trading,,,,,,,121224211,78928626495,,,,,,,,,Guardian Investments Limited,,,,,,FALSE,C/- MYOB,"Level 5, 45 Clarence Street",Sydney,NSW,2000,,,,,,,,,,,,,,,,,,,,Infinity Investments Limited,TRUE,TRUE,Rue du Presbytere 468,,Villers-en-Fagne,,5600,,,,,,,,,Mrs,Lynch,Carmen,Janet,,,,,,,TRUE,267070,891634107,Greenwich IGA,FALSE,FALSE,35790,74450,6000,11320,,85770,40311.9,,19349.71,20962.19,15000,5962.15,A,3,39000,8500,30500,B,1,3000,,3000,C,1,1290,,1290,D,,0,E,,,,0,F,,,,0,G,1,3000,3000,0,J,,,,0,K,,,,0,L,,0,M,,,,0,N,,,0,P,7000,7000,,,,,,
,,,,,,,,,,,,,,,,,,,,,,,,,,,,,,,,,,,,,,,,,,,,,,,,,,VR.ATO.GEN.410191,,,,,,,,,,,,,,,,,,,,,,,,,,,,,,,,,,,,,,,,,,,,,,,,,,,,,,,,,,,,,,,,,,,,,,,,,,,,,,,,,,,,,,,,,,,,,,,,,,,,,,,,,
,,,,,,,,,,,,,,,,,,,,,,,,,,,,,,,,,,,,,,,,,,,,,,,,,,CMN.ATO.GEN.410191,,,,,,,,,,,,,,,,,,,,,,,,,,,,,,,,,,,,,,,,,,,,,,,,,,,,,,,,,,,,,,,,,,,,,,,,,,,,,,,,,,,,,,,,,,,,,,,,,,,,,,,,,
ForeignAdd invalid country code Postal,,,,,,,121224211,78928626495,,,,,,,,,Guardian Investments Limited,,,,,,TRUE,C/- Mary Fielding,Skovvej 50,Kobenhavn V,,1757,den,,,,,,,,,,,,,,,,,,,,,,,,,,,,,,,,,,,Mrs,Lynch,Carmen,Janet,,,,,,,TRUE,267070,891634107,Greenwich IGA,FALSE,FALSE,35790,74450,6000,11320,,85770,40311.9,,19349.71,20962.19,15000,5962.15,A,3,39000,8500,30500,B,1,3000,,3000,C,1,1290,,1290,D,,0,E,,,,0,F,,,,0,G,1,3000,3000,0,J,,,,0,K,,,,0,L,,0,M,,,,0,N,,,0,P,7000,7000,,,,,,
,,,,,,,,,,,,,,,,,,,,,,,,,,,,,VR.ATO.GEN.410192,,,,,,,,,,,,,,,,,,,,,,,,,,,,,,,,,,,,,,,,,,,,,,,,,,,,,,,,,,,,,,,,,,,,,,,,,,,,,,,,,,,,,,,,,,,,,,,,,,,,,,,,,,,,,,,,,,,,,,,,,,,,,,
,,,,,,,,,,,,,,,,,,,,,,,,,,,,,CMN.ATO.GEN.410192,,,,,,,,,,,,,,,,,,,,,,,,,,,,,,,,,,,,,,,,,,,,,,,,,,,,,,,,,,,,,,,,,,,,,,,,,,,,,,,,,,,,,,,,,,,,,,,,,,,,,,,,,,,,,,,,,,,,,,,,,,,,,,
ForeignAdd invalid country code PostalPrevious,,,,,,,121224211,78928626495,,,,,,,,,Guardian Investments Limited,,,,,,FALSE,123 Fake Street,,Nowherseville,NT,5698,,,,,,,,,,,TRUE,TRUE,C/- Mary Fielding,Skovvej 50,Kobenhavn V,,1757,dr,,,,,,,,,,,,,,,,,,Mrs,Lynch,Carmen,Janet,,,,,,,TRUE,267070,891634107,Greenwich IGA,FALSE,FALSE,35790,74450,6000,11320,,85770,40311.9,,19349.71,20962.19,15000,5962.15,A,3,39000,8500,30500,B,1,3000,,3000,C,1,1290,,1290,D,,0,E,,,,0,F,,,,0,G,1,3000,3000,0,J,,,,0,K,,,,0,L,,0,M,,,,0,N,,,0,P,7000,7000,,,,,,
,,,,,,,,,,,,,,,,,,,,,,,,,,,,,,,,,,,,,,,,,,,,,,VR.ATO.GEN.410192,,,,,,,,,,,,,,,,,,,,,,,,,,,,,,,,,,,,,,,,,,,,,,,,,,,,,,,,,,,,,,,,,,,,,,,,,,,,,,,,,,,,,,,,,,,,,,,,,,,,,,,,,,,,,
,,,,,,,,,,,,,,,,,,,,,,,,,,,,,,,,,,,,,,,,,,,,,,CMN.ATO.GEN.410192,,,,,,,,,,,,,,,,,,,,,,,,,,,,,,,,,,,,,,,,,,,,,,,,,,,,,,,,,,,,,,,,,,,,,,,,,,,,,,,,,,,,,,,,,,,,,,,,,,,,,,,,,,,,,
ForeignAdd invalid country code Trading,,,,,,,121224211,78928626495,,,,,,,,,Guardian Investments Limited,,,,,,TRUE,C/- Mary Fielding,Skovvej 50,Kobenhavn V,,1757,dk,,,,,,,,,,,,,,,,,,,Infinity Investments Limited,TRUE,TRUE,C/- Mary Fielding,Skovvej 50,Kobenhavn V,,1757,123,,,,,,,,Mrs,Lynch,Carmen,Janet,,,,,,,TRUE,267070,891634107,Greenwich IGA,FALSE,FALSE,35790,74450,6000,11320,,85770,40311.9,,19349.71,20962.19,15000,5962.15,A,3,39000,8500,30500,B,1,3000,,3000,C,1,1290,,1290,D,,0,E,,,,0,F,,,,0,G,1,3000,3000,0,J,,,,0,K,,,,0,L,,0,M,,,,0,N,,,0,P,7000,7000,,,,,,
,,,,,,,,,,,,,,,,,,,,,,,,,,,,,,,,,,,,,,,,,,,,,,,,,,,,,,,,VR.ATO.GEN.410192,,,,,,,,,,,,,,,,,,,,,,,,,,,,,,,,,,,,,,,,,,,,,,,,,,,,,,,,,,,,,,,,,,,,,,,,,,,,,,,,,,,,,,,,,,,,,,,,,,,
,,,,,,,,,,,,,,,,,,,,,,,,,,,,,,,,,,,,,,,,,,,,,,,,,,,,,,,,CMN.ATO.GEN.410192,,,,,,,,,,,,,,,,,,,,,,,,,,,,,,,,,,,,,,,,,,,,,,,,,,,,,,,,,,,,,,,,,,,,,,,,,,,,,,,,,,,,,,,,,,,,,,,,,,,
SKIP_CALC CountryCode au OverseasAddIndicator True Postal,,,,,,,121224211,78928626495,,,,,,,,,Guardian Investments Limited,,,,,,TRUE,65 Wynyard Street,,Tumut,NSW,2720,au,,,,,,,,,,,,,,,,,,,,,,,,,,,,,,,,,,,Mrs,Lynch,Carmen,Janet,,,,,,,TRUE,267070,891634107,Greenwich IGA,FALSE,FALSE,35790,74450,6000,11320,,85770,40311.9,,19349.71,20962.19,15000,5962.15,A,3,39000,8500,30500,B,1,3000,,3000,C,1,1290,,1290,D,,0,E,,,,0,F,,,,0,G,1,3000,3000,0,J,,,,0,K,,,,0,L,,0,M,,,,0,N,,,0,P,7000,7000,,,,,,
,,,,,,,,,,,,,,,,,,,,,,,,,,,,,VR.ATO.GEN.410211,,,,,,,,,,,,,,,,,,,,,,,,,,,,,,,,,,,,,,,,,,,,,,,,,,,,,,,,,,,,,,,,,,,,,,,,,,,,,,,,,,,,,,,,,,,,,,,,,,,,,,,,,,,,,,,,,,,,,,,,,,,,,,
,,,,,,,,,,,,,,,,,,,,,,,,,,,,,CMN.ATO.GEN.410211,,,,,,,,,,,,,,,,,,,,,,,,,,,,,,,,,,,,,,,,,,,,,,,,,,,,,,,,,,,,,,,,,,,,,,,,,,,,,,,,,,,,,,,,,,,,,,,,,,,,,,,,,,,,,,,,,,,,,,,,,,,,,,
SKIP_CALC CountryCode au OverseasAddIndicator True PostalPrevious,,,,,,,121224211,78928626495,,,,,,,,,Guardian Investments Limited,,,,,,FALSE,49 Marlborough Crescent,,Peel,NSW,2795,au,,,,,,,,,,TRUE,TRUE,65 Wynyard Street,,Tumut,NSW,2720,au,,,,,,,,,,,,,,,,,,Mrs,Lynch,Carmen,Janet,,,,,,,TRUE,267070,891634107,Greenwich IGA,FALSE,FALSE,35790,74450,6000,11320,,85770,40311.9,,19349.71,20962.19,15000,5962.15,A,3,39000,8500,30500,B,1,3000,,3000,C,1,1290,,1290,D,,0,E,,,,0,F,,,,0,G,1,3000,3000,0,J,,,,0,K,,,,0,L,,0,M,,,,0,N,,,0,P,7000,7000,,,,,,
,,,,,,,,,,,,,,,,,,,,,,,,,,,,,,,,,,,,,,,,,,,,,,VR.ATO.GEN.410211,,,,,,,,,,,,,,,,,,,,,,,,,,,,,,,,,,,,,,,,,,,,,,,,,,,,,,,,,,,,,,,,,,,,,,,,,,,,,,,,,,,,,,,,,,,,,,,,,,,,,,,,,,,,,
,,,,,,,,,,,,,,,,,,,,,,,,,,,,,,,,,,,,,,,,,,,,,,CMN.ATO.GEN.410211,,,,,,,,,,,,,,,,,,,,,,,,,,,,,,,,,,,,,,,,,,,,,,,,,,,,,,,,,,,,,,,,,,,,,,,,,,,,,,,,,,,,,,,,,,,,,,,,,,,,,,,,,,,,,
SKIP_CALC CountryCode au OverseasAddIndicator True Trading,,,,,,,121224211,78928626495,,,,,,,,,Guardian Investments Limited,,,,,,FALSE,65 Wynyard Street,,Tumut,NSW,2720,au,,,,,,,,,,,,,,,,,,,Infinity Investments Limited,TRUE,TRUE,65 Wynyard Street,,Tumut,NSW,2720,au,,,,,,,,Mrs,Lynch,Carmen,Janet,,,,,,,TRUE,267070,891634107,Greenwich IGA,FALSE,FALSE,35790,74450,6000,11320,,85770,40311.9,,19349.71,20962.19,15000,5962.15,A,3,39000,8500,30500,B,1,3000,,3000,C,1,1290,,1290,D,,0,E,,,,0,F,,,,0,G,1,3000,3000,0,J,,,,0,K,,,,0,L,,0,M,,,,0,N,,,0,P,7000,7000,,,,,,
,,,,,,,,,,,,,,,,,,,,,,,,,,,,,,,,,,,,,,,,,,,,,,,,,,,,,,,,VR.ATO.GEN.410211,,,,,,,,,,,,,,,,,,,,,,,,,,,,,,,,,,,,,,,,,,,,,,,,,,,,,,,,,,,,,,,,,,,,,,,,,,,,,,,,,,,,,,,,,,,,,,,,,,,
,,,,,,,,,,,,,,,,,,,,,,,,,,,,,,,,,,,,,,,,,,,,,,,,,,,,,,,,CMN.ATO.GEN.410211,,,,,,,,,,,,,,,,,,,,,,,,,,,,,,,,,,,,,,,,,,,,,,,,,,,,,,,,,,,,,,,,,,,,,,,,,,,,,,,,,,,,,,,,,,,,,,,,,,,
SKIP_CALC OverseasCountry code OverseasAddIndicator False Postal,,,,,,,121224211,78928626495,,,,,,,,,Guardian Investments Limited,,,,,,FALSE,49 Marlborough Crescent,RG8 9GT,South Stoke,,,gb,,,,,,,,,,,,,,,,,,,,,,,,,,,,,,,,,,,Mrs,Lynch,Carmen,Janet,,,,,,,TRUE,267070,891634107,Greenwich IGA,FALSE,FALSE,35790,74450,6000,11320,,85770,40311.9,,19349.71,20962.19,15000,5962.15,A,3,39000,8500,30500,B,1,3000,,3000,C,1,1290,,1290,D,,0,E,,,,0,F,,,,0,G,1,3000,3000,0,J,,,,0,K,,,,0,L,,0,M,,,,0,N,,,0,P,7000,7000,,,,,,
,,,,,,,,,,,,,,,,,,,,,,,,,,,,,VR.ATO.GEN.410212,,,,,,,,,,,,,,,,,,,,,,,,,,,,,,,,,,,,,,,,,,,,,,,,,,,,,,,,,,,,,,,,,,,,,,,,,,,,,,,,,,,,,,,,,,,,,,,,,,,,,,,,,,,,,,,,,,,,,,,,,,,,,,
,,,,,,,,,,,,,,,,,,,,,,,,,,,,,CMN.ATO.GEN.410212,,,,,,,,,,,,,,,,,,,,,,,,,,,,,,,,,,,,,,,,,,,,,,,,,,,,,,,,,,,,,,,,,,,,,,,,,,,,,,,,,,,,,,,,,,,,,,,,,,,,,,,,,,,,,,,,,,,,,,,,,,,,,,
SKIP_CALC OverseasCountry code OverseasAddIndicator False PostalPrevious,,,,,,,121224211,78928626495,,,,,,,,,Guardian Investments Limited,,,,,,TRUE,49 Marlborough Crescent,,South Stoke,,RG8 9GT,gb,,,,,,,,,,TRUE,FALSE,49 Marlborough Crescent,RG8 9GT,South Stoke,,,gb,,,,,,,,,,,,,,,,,,Mrs,Lynch,Carmen,Janet,,,,,,,TRUE,267070,891634107,Greenwich IGA,FALSE,FALSE,35790,74450,6000,11320,,85770,40311.9,,19349.71,20962.19,15000,5962.15,A,3,39000,8500,30500,B,1,3000,,3000,C,1,1290,,1290,D,,0,E,,,,0,F,,,,0,G,1,3000,3000,0,J,,,,0,K,,,,0,L,,0,M,,,,0,N,,,0,P,7000,7000,,,,,,
,,,,,,,,,,,,,,,,,,,,,,,,,,,,,,,,,,,,,,,,,,,,,,VR.ATO.GEN.410212,,,,,,,,,,,,,,,,,,,,,,,,,,,,,,,,,,,,,,,,,,,,,,,,,,,,,,,,,,,,,,,,,,,,,,,,,,,,,,,,,,,,,,,,,,,,,,,,,,,,,,,,,,,,,
,,,,,,,,,,,,,,,,,,,,,,,,,,,,,,,,,,,,,,,,,,,,,,CMN.ATO.GEN.410212,,,,,,,,,,,,,,,,,,,,,,,,,,,,,,,,,,,,,,,,,,,,,,,,,,,,,,,,,,,,,,,,,,,,,,,,,,,,,,,,,,,,,,,,,,,,,,,,,,,,,,,,,,,,,
SKIP_CALC OverseasCountry code OverseasAddIndicator False Trading,,,,,,,121224211,78928626495,,,,,,,,,Guardian Investments Limited,,,,,,FALSE,38 Ryker Road,,Cape Tribulation,QLD,2720,,,,,,,,,,,,,,,,,,,,Infinity Investments Limited,TRUE,FALSE,49 Marlborough Crescent,RG8 9GT,South Stoke,,,gb,,,,,,,,Mrs,Lynch,Carmen,Janet,,,,,,,TRUE,267070,891634107,Greenwich IGA,FALSE,FALSE,35790,74450,6000,11320,,85770,40311.9,,19349.71,20962.19,15000,5962.15,A,3,39000,8500,30500,B,1,3000,,3000,C,1,1290,,1290,D,,0,E,,,,0,F,,,,0,G,1,3000,3000,0,J,,,,0,K,,,,0,L,,0,M,,,,0,N,,,0,P,7000,7000,,,,,,
,,,,,,,,,,,,,,,,,,,,,,,,,,,,,,,,,,,,,,,,,,,,,,,,,,,,,,,,VR.ATO.GEN.410212,,,,,,,,,,,,,,,,,,,,,,,,,,,,,,,,,,,,,,,,,,,,,,,,,,,,,,,,,,,,,,,,,,,,,,,,,,,,,,,,,,,,,,,,,,,,,,,,,,,
,,,,,,,,,,,,,,,,,,,,,,,,,,,,,,,,,,,,,,,,,,,,,,,,,,,,,,,,CMN.ATO.GEN.410212,,,,,,,,,,,,,,,,,,,,,,,,,,,,,,,,,,,,,,,,,,,,,,,,,,,,,,,,,,,,,,,,,,,,,,,,,,,,,,,,,,,,,,,,,,,,,,,,,,,
Suburb greater than 27 characters Postal,,,,,,,121224211,78928626495,,,,,,,,,Guardian Investments Limited,,,,,,FALSE,38 Ryker Road,,Mamungkukumpurangkuntjunya Hill,QLD,2720,,,,,,,,,,,,,,,,,,,,,,,,,,,,,,,,,,,,Mrs,Lynch,Carmen,Janet,,,,,,,TRUE,267070,891634107,Greenwich IGA,FALSE,FALSE,35790,74450,6000,11320,,85770,40311.9,,19349.71,20962.19,15000,5962.15,A,3,39000,8500,30500,B,1,3000,,3000,C,1,1290,,1290,D,,0,E,,,,0,F,,,,0,G,1,3000,3000,0,J,,,,0,K,,,,0,L,,0,M,,,,0,N,,,0,P,7000,7000,,,,,,
,,,,,,,,,,,,,,,,,,,,,,,,,,VR.ATO.FBT.010023,,,,,,,,,,,,,,,,,,,,,,,,,,,,,,,,,,,,,,,,,,,,,,,,,,,,,,,,,,,,,,,,,,,,,,,,,,,,,,,,,,,,,,,,,,,,,,,,,,,,,,,,,,,,,,,,,,,,,,,,,,,,,,,,,
,,,,,,,,,,,,,,,,,,,,,,,,,,CMN.ATO.GEN.001011,,,,,,,,,,,,,,,,,,,,,,,,,,,,,,,,,,,,,,,,,,,,,,,,,,,,,,,,,,,,,,,,,,,,,,,,,,,,,,,,,,,,,,,,,,,,,,,,,,,,,,,,,,,,,,,,,,,,,,,,,,,,,,,,,
Suburb greater than 27 characters PostalPrevious,,,,,,,121224211,78928626495,,,,,,,,,Guardian Investments Limited,,,,,,FALSE,38 Ryker Road,,Cape Tribulation,QLD,2720,,,,,,,,,,,TRUE,FALSE,38 Ryker Road,,Mamungkukumpurangkuntjunya Hill,QLD,2720,,,,,,,,,,,,,,,,,,,Mrs,Lynch,Carmen,Janet,,,,,,,TRUE,267070,891634107,Greenwich IGA,FALSE,FALSE,35790,74450,6000,11320,,85770,40311.9,,19349.71,20962.19,15000,5962.15,A,3,39000,8500,30500,B,1,3000,,3000,C,1,1290,,1290,D,,0,E,,,,0,F,,,,0,G,1,3000,3000,0,J,,,,0,K,,,,0,L,,0,M,,,,0,N,,,0,P,7000,7000,,,,,,
,,,,,,,,,,,,,,,,,,,,,,,,,,,,,,,,,,,,,,,,,,,VR.ATO.FBT.010023,,,,,,,,,,,,,,,,,,,,,,,,,,,,,,,,,,,,,,,,,,,,,,,,,,,,,,,,,,,,,,,,,,,,,,,,,,,,,,,,,,,,,,,,,,,,,,,,,,,,,,,,,,,,,,,,
,,,,,,,,,,,,,,,,,,,,,,,,,,,,,,,,,,,,,,,,,,,CMN.ATO.GEN.001011,,,,,,,,,,,,,,,,,,,,,,,,,,,,,,,,,,,,,,,,,,,,,,,,,,,,,,,,,,,,,,,,,,,,,,,,,,,,,,,,,,,,,,,,,,,,,,,,,,,,,,,,,,,,,,,,
Suburb greater than 27 characters Trading,,,,,,,121224211,78928626495,,,,,,,,,Guardian Investments Limited,,,,,,FALSE,38 Ryker Road,,Cape Tribulation,QLD,2720,,,,,,,,,,,,,,,,,,,,,TRUE,FALSE,38 Ryker Road,,Mamungkukumpurangkuntjunya Hill,QLD,2720,,,,,,,,,Mrs,Lynch,Carmen,Janet,,,,,,,TRUE,267070,891634107,Greenwich IGA,FALSE,FALSE,35790,74450,6000,11320,,85770,40311.9,,19349.71,20962.19,15000,5962.15,A,3,39000,8500,30500,B,1,3000,,3000,C,1,1290,,1290,D,,0,E,,,,0,F,,,,0,G,1,3000,3000,0,J,,,,0,K,,,,0,L,,0,M,,,,0,N,,,0,P,7000,7000,,,,,,
,,,,,,,,,,,,,,,,,,,,,,,,,,,,,,,,,,,,,,,,,,,,,,,,,,,,,VR.ATO.FBT.010023,,,,,,,,,,,,,,,,,,,,,,,,,,,,,,,,,,,,,,,,,,,,,,,,,,,,,,,,,,,,,,,,,,,,,,,,,,,,,,,,,,,,,,,,,,,,,,,,,,,,,,
,,,,,,,,,,,,,,,,,,,,,,,,,,,,,,,,,,,,,,,,,,,,,,,,,,,,,CMN.ATO.GEN.001011,,,,,,,,,,,,,,,,,,,,,,,,,,,,,,,,,,,,,,,,,,,,,,,,,,,,,,,,,,,,,,,,,,,,,,,,,,,,,,,,,,,,,,,,,,,,,,,,,,,,,,
Current and previous postal addresses Line1 identical,,,,,,,121224211,78928626495,,,,,,,,,Guardian Investments Limited,,,,,,FALSE,38 Ryker Road,,Cape Tribulation,QLD,2720,,,,,,,,,,,TRUE,FALSE,38 Ryker Road,,Cape Tribulation,QLD,2720,,,,,,,,,,,,,,,,,,,Mrs,Lynch,Carmen,Janet,,,,,,,TRUE,267070,891634107,Greenwich IGA,FALSE,FALSE,35790,74450,6000,11320,,85770,40311.9,,19349.71,20962.19,15000,5962.15,A,3,39000,8500,30500,B,1,3000,,3000,C,1,1290,,1290,D,,0,E,,,,0,F,,,,0,G,1,3000,3000,0,J,,,,0,K,,,,0,L,,0,M,,,,0,N,,,0,P,7000,7000,,,,,,
,,,,,,,,,,,,,,,,,,,,,,,,,,,,,,,,,,,,,,,,,VR.ATO.FBT.000187,,,,,,,,,,,,,,,,,,,,,,,,,,,,,,,,,,,,,,,,,,,,,,,,,,,,,,,,,,,,,,,,,,,,,,,,,,,,,,,,,,,,,,,,,,,,,,,,,,,,,,,,,,,,,,,,,,
,,,,,,,,,,,,,,,,,,,,,,,,,,,,,,,,,,,,,,,,,CMN.ATO.FBT.000187,,,,,,,,,,,,,,,,,,,,,,,,,,,,,,,,,,,,,,,,,,,,,,,,,,,,,,,,,,,,,,,,,,,,,,,,,,,,,,,,,,,,,,,,,,,,,,,,,,,,,,,,,,,,,,,,,,
Suburb contains numeric characters Postal,,,,,,,121224211,78928626495,,,,,,,,,Guardian Investments Limited,,,,,,TRUE,63 Carolina Park Road,,Pretty Beach 86,CA,CA1878NT,gb,,,,,,,,,,,,,,,,,,,,,,,,,,,,,,,,,,,Mrs,Lynch,Carmen,Janet,,,,,,,TRUE,267070,891634107,Greenwich IGA,FALSE,FALSE,35790,74450,6000,11320,,85770,40311.9,,19349.71,20962.19,15000,5962.15,A,3,39000,8500,30500,B,1,3000,,3000,C,1,1290,,1290,D,,0,E,,,,0,F,,,,0,G,1,3000,3000,0,J,,,,0,K,,,,0,L,,0,M,,,,0,N,,,0,P,7000,7000,,,,,,
Line1 contains middle CO Postal,,,,,,,121224211,78928626495,,,,,,,,,Guardian Investments Limited,,,,,,FALSE,33 CO CO Street,,Maffra,NSW,2630,,,,,,,,,,,,,,,,,,,,,,,,,,,,,,,,,,,,Mrs,Lynch,Carmen,Janet,,,,,,,TRUE,267070,891634107,Greenwich IGA,FALSE,FALSE,35790,74450,6000,11320,,85770,40311.9,,19349.71,20962.19,15000,5962.15,A,3,39000,8500,30500,B,1,3000,,3000,C,1,1290,,1290,D,,0,E,,,,0,F,,,,0,G,1,3000,3000,0,J,,,,0,K,,,,0,L,,0,M,,,,0,N,,,0,P,7000,7000,,,,,,
Line1 contains end Care Of Postal,,,,,,,121224211,78928626495,,,,,,,,,Guardian Investments Limited,,,,,,FALSE,Road in Care Of,,Maffra,NSW,2630,,,,,,,,,,,,,,,,,,,,,,,,,,,,,,,,,,,,Mrs,Lynch,Carmen,Janet,,,,,,,TRUE,267070,891634107,Greenwich IGA,FALSE,FALSE,35790,74450,6000,11320,,85770,40311.9,,19349.71,20962.19,15000,5962.15,A,3,39000,8500,30500,B,1,3000,,3000,C,1,1290,,1290,D,,0,E,,,,0,F,,,,0,G,1,3000,3000,0,J,,,,0,K,,,,0,L,,0,M,,,,0,N,,,0,P,7000,7000,,,,,,
Line1 contains middle C/ Postal,,,,,,,121224211,78928626495,,,,,,,,,Guardian Investments Limited,,,,,,FALSE,18C/ 77 Askin Ave,,Maffra,NSW,2630,,,,,,,,,,,,,,,,,,,,,,,,,,,,,,,,,,,,Mrs,Lynch,Carmen,Janet,,,,,,,TRUE,267070,891634107,Greenwich IGA,FALSE,FALSE,35790,74450,6000,11320,,85770,40311.9,,19349.71,20962.19,15000,5962.15,A,3,39000,8500,30500,B,1,3000,,3000,C,1,1290,,1290,D,,0,E,,,,0,F,,,,0,G,1,3000,3000,0,J,,,,0,K,,,,0,L,,0,M,,,,0,N,,,0,P,7000,7000,,,,,,
Line2 contains middle C/ Trading,,,,,,,121224211,78928626495,,,,,,,,,Guardian Investments Limited,,,,,,FALSE,Unit 19,AmCO Building,South Toowoomba,QLD,4350,,,,,,,,,,,,,,,,,,,,Infinity Investments Limited,TRUE,FALSE,19 Hunter Street,Suite C/ Room 188,South Toowoomba,QLD,4350,,,,,,,,,Mrs,Lynch,Carmen,Janet,,,,,,,TRUE,267070,891634107,Greenwich IGA,FALSE,FALSE,35790,74450,6000,11320,,85770,40311.9,,19349.71,20962.19,15000,5962.15,A,3,39000,8500,30500,B,1,3000,,3000,C,1,1290,,1290,D,,0,E,,,,0,F,,,,0,G,1,3000,3000,0,J,,,,0,K,,,,0,L,,0,M,,,,0,N,,,0,P,7000,7000,,,,,,
Line2 contains middle Care Of Trading,,,,,,,121224211,78928626495,,,,,,,,,Guardian Investments Limited,,,,,,FALSE,Unit 19,AmCO Building,South Toowoomba,QLD,4350,,,,,,,,,,,,,,,,,,,,Infinity Investments Limited,TRUE,FALSE,19 Hunter Street,The Care Of Baby Office,South Toowoomba,QLD,4350,,,,,,,,,Mrs,Lynch,Carmen,Janet,,,,,,,TRUE,267070,891634107,Greenwich IGA,FALSE,FALSE,35790,74450,6000,11320,,85770,40311.9,,19349.71,20962.19,15000,5962.15,A,3,39000,8500,30500,B,1,3000,,3000,C,1,1290,,1290,D,,0,E,,,,0,F,,,,0,G,1,3000,3000,0,J,,,,0,K,,,,0,L,,0,M,,,,0,N,,,0,P,7000,7000,,,,,,